observationunitname,observationunitdbid,studydbid,studyname,germplasmdbid,germplasmpui,germplasmname,observationlevel,replicate,block,plot,plant,x,y,observationlevels,water_regime,season,FFLW_D20deg(MIPO:0000024),FFLW_D20deg(MIPO:0000024).date,GN(MIPO:0000017),GN(MIPO:0000017).date,GY_Adj_tha(MIPO:0000018),GY_Adj_tha(MIPO:0000018).date,KW(MIPO:0000012),KW(MIPO:0000012).date,MFLW_D20deg(MIPO:0000025),MFLW_D20deg(MIPO:0000025).date,Psi_Fill(EIPO:0000003),Psi_Fill(EIPO:0000003).date,Psi_Flo(EIPO:0000003),Psi_Flo(EIPO:0000003).date,Ri_Early(EIPO:0000002),Ri_Early(EIPO:0000002).date,Ri_Fill(EIPO:0000002),Ri_Fill(EIPO:0000002).date,Ri_Flo(EIPO:0000002),Ri_Flo(EIPO:0000002).date,Tmax_Early(EIPO:0000005),Tmax_Early(EIPO:0000005).date,Tmax_Fill(EIPO:0000005),Tmax_Fill(EIPO:0000005).date,Tmax_Flo(EIPO:0000005),Tmax_Flo(EIPO:0000005).date,Tnight_Early(EIPO:0000001),Tnight_Early(EIPO:0000001).date,Tnight_Fill(EIPO:0000001),Tnight_Fill(EIPO:0000001).date,Tnight_Flo(EIPO:0000001),Tnight_Flo(EIPO:0000001).date,plant_height(MIPO:0000006),plant_height(MIPO:0000006).date,tassel_height(MIPO:0000014),tassel_height(MIPO:0000014).date
3136water_regimerainfed,3336699,Deb13,Syngenta Debrecen 2013,127530,https://doi.org/10.15454/2BEETM,F04701_H,VIRTUAL_TRIAL,,,,,,,,rainfed,2013,219.629835708,,304.2086903844,,2917.8146841057,,79.2357288056,,75.6617220698,,-46.0205128205,,-82.9057971014,,210.997,,749.817,,136.666,,30.8847788219,,25.4405506301,,33.3128781294,,17.1281171402,,13.4769056245,,19.263797356,,277.4213206512,,112.4890091802,
3180water_regimerainfed,3336741,Deb13,Syngenta Debrecen 2013,127574,https://doi.org/10.15454/AOK4RM,Lo1063_H,VIRTUAL_TRIAL,,,,,,,,rainfed,2013,179.5493185186,,287.8587687875,,2522.568504207,,80.5838594236,,82.332659407,,-35.9945355191,,-105.4861111111,,260.24,,666.633,,192.046,,30.5397034504,,24.6951161735,,34.2811658877,,16.7446952482,,12.8329073513,,20.2133057238,,228.6276309342,,98.1189516954,
3135water_regimerainfed,3336698,Deb13,Syngenta Debrecen 2013,127529,https://doi.org/10.15454/Y8KSIC,F04402_H,VIRTUAL_TRIAL,,,,,,,,rainfed,2013,232.5260338697,,368.0219204254,,2226.2043804576,,71.0810133057,,71.8499608784,,-49.6044776119,,-74.9841269841,,210.997,,778.423,,194.592,,30.8847788219,,25.7429675066,,33.0516580581,,17.1281171402,,13.6994891988,,18.9940689189,,280.6566999963,,100.7327532736,
3183water_regimerainfed,3336744,Deb13,Syngenta Debrecen 2013,127577,https://doi.org/10.15454/EKBCA6,Lo1095_H,VIRTUAL_TRIAL,,,,,,,,rainfed,2013,202.8061578865,,321.6934536456,,2528.4074013097,,74.0198162485,,77.1047275458,,-43.7395833333,,-88.9130434783,,224.011,,730.172,,209.332,,30.8710195909,,25.2632428663,,33.5922154001,,17.043221026,,13.3353860853,,19.5972739382,,257.3297746588,,104.4232891999,
3020water_regimerainfed,3336590,Deb13,Syngenta Debrecen 2013,127419,https://doi.org/10.15454/F8P1TS,EZ11A_H,VIRTUAL_TRIAL,,,,,,,,rainfed,2013,231.751975312,,318.43651962,,2646.2551786535,,75.6965470984,,75.6290126113,,-46.0205128205,,-82.9057971014,,212.568,,741.379,,169.533,,31.1252067812,,25.4256530029,,33.3128781294,,17.4043257879,,13.4411366835,,19.263797356,,276.6868974324,,124.014167105,
3187water_regimerainfed,3336748,Deb13,Syngenta Debrecen 2013,127581,https://doi.org/10.15454/UHQTBS,Lo1124_H,VIRTUAL_TRIAL,,,,,,,,rainfed,2013,217.3896322793,,315.7906149462,,1959.6888682392,,76.6144962695,,78.2527336232,,-43.7395833333,,-86.0666666667,,193.022,,730.172,,168.539,,31.1764864615,,25.2632428663,,33.3222498682,,17.4573246566,,13.3353860853,,19.2750147122,,268.680982857,,98.3167607366,
3007water_regimerainfed,3336577,Deb13,Syngenta Debrecen 2013,127406,https://doi.org/10.15454/NPJBWJ,MS153_H,VIRTUAL_TRIAL,,,,,,,,rainfed,2013,210.2469057872,,336.7674340632,,2470.9815539221,,70.5792145249,,73.5781253489,,-47.9722222222,,-72.6217948718,,143.707,,769.816,,211.637,,31.1600768329,,25.6072967577,,32.8212389167,,17.885355163,,13.6062539472,,18.4784531623,,262.879923803,,116.2292406088,
3021water_regimerainfed,3336591,Deb13,Syngenta Debrecen 2013,127420,https://doi.org/10.15454/GD6TZS,EZ37_H,VIRTUAL_TRIAL,,,,,,,,rainfed,2013,211.1936927442,,333.2151325785,,2220.1887075674,,73.7952600354,,75.2359769046,,-46.0205128205,,-84.2272727273,,222.181,,749.817,,189.687,,30.6191463952,,25.4405506301,,33.4388817695,,16.7313855385,,13.4769056245,,19.4573465865,,261.7233926384,,107.9120285732,
3198water_regimerainfed,3336758,Deb13,Syngenta Debrecen 2013,127592,https://doi.org/10.15454/YBXTRS,Lo1261_H,VIRTUAL_TRIAL,,,,,,,,rainfed,2013,222.8749445036,,302.7434785338,,3632.8457896975,,74.184969979,,75.1777489163,,-46.0205128205,,-81.6527777778,,193.022,,749.817,,189.687,,31.1764864615,,25.4405506301,,33.1704454763,,17.4573246566,,13.4769056245,,19.1333205054,,273.8009466736,,115.563276231,
3200water_regimerainfed,3336760,Deb13,Syngenta Debrecen 2013,127594,https://doi.org/10.15454/TMJHZA,Lo1270_H,VIRTUAL_TRIAL,,,,,,,,rainfed,2013,223.2312316632,,293.0302491843,,2731.6196266758,,78.0111981504,,78.4724746764,,-41.2830687831,,-93.4791666667,,224.011,,702.344,,175.701,,30.8710195909,,25.0520264544,,33.7518823953,,17.043221026,,13.1239031914,,19.7887336779,,273.5232788445,,113.5980116643,
3044water_regimerainfed,3336614,Deb13,Syngenta Debrecen 2013,127443,https://doi.org/10.15454/BNROZU,EZ40_H,VIRTUAL_TRIAL,,,,,,,,rainfed,2013,209.8012089004,,280.1908629518,,3087.8027319545,,75.2937518422,,77.6145865843,,-43.7395833333,,-87.4513888889,,210.997,,721.734,,189.178,,30.8847788219,,25.2453420299,,33.4650730104,,17.1281171402,,13.2968470117,,19.4059589527,,257.538244656,,112.7981996499,
3024water_regimerainfed,3336594,Deb13,Syngenta Debrecen 2013,127423,https://doi.org/10.15454/M33T8W,LH38_H,VIRTUAL_TRIAL,,,,,,,,rainfed,2013,206.8215029266,,326.4964622219,,2839.5987431511,,73.1521905026,,73.9936096897,,-47.9722222222,,-72.6217948718,,144.992,,761.378,,169.688,,31.4047267846,,25.5951513086,,32.8212389167,,18.1398775868,,13.5729867829,,18.4784531623,,251.0769166003,,103.3405593886,
3001water_regimerainfed,3336571,Deb13,Syngenta Debrecen 2013,127400,https://doi.org/10.15454/P5UIAJ,B73_H,VIRTUAL_TRIAL,,,,,,,,rainfed,2013,217.0621052061,,308.5983332766,,2904.3284041055,,73.1517117585,,74.433588303,,-47.9722222222,,-76.0763888889,,173.957,,769.816,,169.688,,31.1825710035,,25.6072967577,,32.9381121768,,17.5750344242,,13.6062539472,,18.8252687036,,263.8473295504,,111.9483708643,
3206water_regimerainfed,3336766,Deb13,Syngenta Debrecen 2013,127600,https://doi.org/10.15454/XXTRYK,Lo1288_H,VIRTUAL_TRIAL,,,,,,,,rainfed,2013,200.8507529366,,310.4923829266,,2904.2376305389,,78.9713837565,,80.1413133985,,-38.7069892473,,-97.78,,224.011,,683.578,,194.467,,30.8710195909,,24.8524176155,,33.8989180782,,17.043221026,,12.9327161461,,19.9962843308,,249.9833935208,,102.0740778098,
3122water_regimerainfed,3336686,Deb13,Syngenta Debrecen 2013,127516,https://doi.org/10.15454/I93CVI,EP67_H,VIRTUAL_TRIAL,,,,,,,,rainfed,2013,202.4688275407,,284.4639563845,,2141.6739082854,,70.2720644383,,71.9238377285,,-49.6044776119,,-68.2307692308,,129.4,,778.423,,194.592,,31.2611413389,,25.7429675066,,32.7797460156,,18.1542415055,,13.6994891988,,18.3165141871,,241.955479379,,103.8819242405,
3208water_regimerainfed,3336768,Deb13,Syngenta Debrecen 2013,127602,https://doi.org/10.15454/LFUUTO,Pa36_H,VIRTUAL_TRIAL,,,,,,,,rainfed,2013,196.4696690664,,258.5852844017,,1382.4296854112,,68.9177274727,,70.0602560905,,-51.223880597,,-65.22,,129.4,,797.776,,192.517,,31.2611413389,,26.0406791983,,32.704538813,,18.1542415055,,13.8470998979,,18.2260396195,,241.5982128325,,88.9168720061,
3212water_regimerainfed,3336772,Deb13,Syngenta Debrecen 2013,127606,https://doi.org/10.15454/HDJP0L,N16_H,VIRTUAL_TRIAL,,,,,,,,rainfed,2013,208.7504240394,,255.3883149471,,2819.9888875677,,77.6156767947,,79.290266095,,-41.2830687831,,-93.4791666667,,224.011,,702.344,,187.929,,30.8710195909,,25.0520264544,,33.7518823953,,17.043221026,,13.1239031914,,19.7887336779,,256.6366242288,,117.9218945332,
3214water_regimerainfed,3336774,Deb13,Syngenta Debrecen 2013,127608,https://doi.org/10.15454/67FHQJ,N22_H,VIRTUAL_TRIAL,,,,,,,,rainfed,2013,200.088714352,,287.4009144074,,2520.1778971178,,75.7989407668,,77.8558724988,,-43.7395833333,,-86.0666666667,,191.451,,730.172,,189.178,,30.9278346639,,25.2632428663,,33.3222498682,,17.1714112358,,13.3353860853,,19.2750147122,,241.7997766488,,109.9571754815,
3118water_regimerainfed,3336682,Deb13,Syngenta Debrecen 2013,127512,https://doi.org/10.15454/WY6RQU,EC242C_H,VIRTUAL_TRIAL,,,,,,,,rainfed,2013,190.4980027245,,308.0736990725,,2297.739967526,,69.2205013736,,70.2943605513,,-51.223880597,,-70.6666666667,,193.022,,797.776,,192.517,,31.1764864615,,26.0406791983,,32.8247327426,,17.4573246566,,13.8470998979,,18.7823534218,,232.2961927636,,92.1019248965,
3216water_regimerainfed,3336776,Deb13,Syngenta Debrecen 2013,127610,https://doi.org/10.15454/VFUIV5,NK807_H,VIRTUAL_TRIAL,,,,,,,,rainfed,2013,216.3048948172,,298.7603634728,,2447.5339334948,,69.7218842117,,70.9416286813,,-50.9852941176,,-65.22,,129.4,,807.486,,192.517,,31.2611413389,,25.8818499336,,32.704538813,,18.1542415055,,13.8296527752,,18.2260396195,,265.8246570863,,104.4961794308,
3221water_regimerainfed,3336781,Deb13,Syngenta Debrecen 2013,127615,https://doi.org/10.15454/9E4IDY,A554_H,VIRTUAL_TRIAL,,,,,,,,rainfed,2013,211.1506519327,,265.3555256231,,2125.8197643381,,67.9879299786,,70.2599301217,,-51.223880597,,-65.22,,129.4,,797.776,,214.714,,31.2611413389,,26.0406791983,,32.704538813,,18.1542415055,,13.8470998979,,18.2260396195,,255.1729467119,,94.9585246419,
3116water_regimerainfed,3336680,Deb13,Syngenta Debrecen 2013,127510,https://doi.org/10.15454/I2LIRO,EC169_H,VIRTUAL_TRIAL,,,,,,,,rainfed,2013,215.2242668562,,310.5203908406,,1910.3212057375,,69.2552917204,,70.8983670263,,-50.9852941176,,-70.6666666667,,191.451,,799.048,,192.517,,30.9278346639,,25.8740992503,,32.8247327426,,17.1714112358,,13.8006493338,,18.7823534218,,263.5418605282,,113.7342361647,
3029water_regimerainfed,3336599,Deb13,Syngenta Debrecen 2013,127428,https://doi.org/10.15454/4W8MAU,B104_H,VIRTUAL_TRIAL,,,,,,,,rainfed,2013,210.2281719037,,323.9447579381,,2662.2953107833,,73.1384878294,,77.4813395316,,-43.7395833333,,-86.0666666667,,191.451,,721.734,,209.332,,30.9278346639,,25.2453420299,,33.3222498682,,17.1714112358,,13.2968470117,,19.2750147122,,264.8077442589,,97.8150980516,
3224water_regimerainfed,3336784,Deb13,Syngenta Debrecen 2013,127618,https://doi.org/10.15454/ZMCLMH,PHG50_H,VIRTUAL_TRIAL,,,,,,,,rainfed,2013,198.499193986,,309.6391658707,,2204.5502164087,,69.1763813124,,70.3133803621,,-51.223880597,,-66.1388888889,,144.992,,797.776,,192.517,,31.4047267846,,26.0406791983,,32.6330603825,,18.1398775868,,13.8470998979,,18.242198133,,244.3326751794,,100.243915755,
3100water_regimerainfed,3336664,Deb13,Syngenta Debrecen 2013,127494,https://doi.org/10.15454/Q0HNOG,LH93_H,VIRTUAL_TRIAL,,,,,,,,rainfed,2013,198.8411398254,,261.3766767424,,3167.3926613584,,75.8357211156,,78.8586805791,,-41.2830687831,,-98.246031746,,278.517,,710.782,,208.568,,30.6463553057,,25.0732275473,,34.1644332245,,16.8377488633,,13.1657466852,,20.0887448516,,247.2004639949,,117.1456079799,
3002water_regimerainfed,3336572,Deb13,Syngenta Debrecen 2013,127401,https://doi.org/10.15454/AQWE02,PH207_H,VIRTUAL_TRIAL,,,,,,,,rainfed,2013,204.1655035502,,322.8854737882,,2373.9409100059,,67.8284312551,,69.4759881174,,-52.0869565217,,-63.4927536232,,143.707,,818.514,,195.248,,31.1600768329,,26.0258421532,,32.4716995491,,17.885355163,,13.9427080783,,18.0091327169,,259.3490172204,,103.8696247732,
3101water_regimerainfed,3336665,Deb13,Syngenta Debrecen 2013,127495,https://doi.org/10.15454/MDSCXQ,11430_H,VIRTUAL_TRIAL,,,,,,,,rainfed,2013,207.722413597,,304.4298940686,,2533.4385905614,,70.6590962667,,70.7744146887,,-50.9852941176,,-67.4057971014,,156.974,,799.048,,173.967,,31.2598265972,,25.8740992503,,32.6016903274,,17.7485552727,,13.8006493338,,18.3885651138,,256.5016642556,,97.193318648,
3228water_regimerainfed,3336788,Deb13,Syngenta Debrecen 2013,127622,https://doi.org/10.15454/TZD7EC,PHJ40_H,VIRTUAL_TRIAL,,,,,,,,rainfed,2013,204.9107145777,,307.183685876,,1825.9459586044,,70.7867388991,,70.5222960102,,-51.223880597,,-66.1388888889,,144.992,,797.776,,173.967,,31.4047267846,,26.0406791983,,32.6330603825,,18.1398775868,,13.8470998979,,18.242198133,,245.4631927905,,104.6183942239,
3236water_regimerainfed,3336796,Deb13,Syngenta Debrecen 2013,127630,https://doi.org/10.15454/CXASTH,UH_2500_H,VIRTUAL_TRIAL,,,,,,,,rainfed,2013,200.0451480606,,260.3349166371,,1252.7018067339,,70.795844669,,75.2732327975,,-46.1927083333,,-76.4074074074,,144.992,,740.107,,231.636,,31.4047267846,,25.5930344133,,32.9616575191,,18.1398775868,,13.4841472326,,18.6141861282,,240.2999057831,,105.2032021335,
3238water_regimerainfed,3336798,Deb13,Syngenta Debrecen 2013,127632,https://doi.org/10.15454/PTTCO2,UH_6179_H,VIRTUAL_TRIAL,,,,,,,,rainfed,2013,205.3405674257,,321.7088982686,,2036.9219098846,,67.7561683812,,68.4260419348,,-52.3382352941,,-63.4927536232,,144.992,,817.242,,195.248,,31.4047267846,,26.1922039093,,32.4716995491,,18.1398775868,,13.990564645,,18.0091327169,,257.6182849315,,101.3324119708,
3240water_regimerainfed,3336800,Deb13,Syngenta Debrecen 2013,127634,https://doi.org/10.15454/KENKPI,UH_P060_H,VIRTUAL_TRIAL,,,,,,,,rainfed,2013,201.2290175414,,300.5903997844,,1909.9760715151,,68.9586919559,,69.0227126494,,-52.6044776119,,-63.4927536232,,143.707,,813.485,,173.051,,31.1600768329,,26.3212340283,,32.4716995491,,17.885355163,,14.0338702232,,18.0091327169,,253.8350167968,,90.234256029,
3106water_regimerainfed,3336670,Deb13,Syngenta Debrecen 2013,127500,https://doi.org/10.15454/RYTRV5,C103_H,VIRTUAL_TRIAL,,,,,,,,rainfed,2013,214.4110622462,,327.7211748465,,2338.9970461431,,78.4230296664,,80.8692822601,,-38.7069892473,,-102.9166666667,,278.517,,683.578,,194.467,,30.6463553057,,24.8524176155,,34.3127669174,,16.8377488633,,12.9327161461,,20.3109609947,,267.3704713542,,102.448038611,
3243water_regimerainfed,3336803,Deb13,Syngenta Debrecen 2013,127637,https://doi.org/10.15454/H9VQPV,UH_P087_H,VIRTUAL_TRIAL,,,,,,,,rainfed,2013,208.4152567258,,304.1024133376,,2178.8571915961,,70.2345734796,,70.3933723772,,-50.9852941176,,-64.1474358974,,114.219,,799.048,,173.967,,31.1304424812,,25.8740992503,,32.7495611083,,18.1036202474,,13.8006493338,,18.2622175828,,255.7552773001,,90.5263202348,
3109water_regimerainfed,3336673,Deb13,Syngenta Debrecen 2013,127503,https://doi.org/10.15454/4ES48F,DE811_H,VIRTUAL_TRIAL,,,,,,,,rainfed,2013,212.8136592752,,293.7811987905,,3122.0749998476,,77.1003766213,,79.342102386,,-41.2830687831,,-91.8933333333,,210.997,,702.344,,187.929,,30.8847788219,,25.0520264544,,33.6234390213,,17.1281171402,,13.1239031914,,19.5974129022,,266.1095636047,,102.8563487139,
3241water_regimerainfed,3336801,Deb13,Syngenta Debrecen 2013,127635,https://doi.org/10.15454/RQFY2B,UH_P064_H,VIRTUAL_TRIAL,,,,,,,,rainfed,2013,207.2640156696,,319.7440446594,,2476.8241626147,,70.1260093243,,69.996354014,,-50.9852941176,,-64.1474358974,,115.34,,799.048,,173.967,,31.4124571238,,25.8740992503,,32.7495611083,,18.3254366502,,13.8006493338,,18.2622175828,,260.5043376863,,107.988926851,
3034water_regimerainfed,3336604,Deb13,Syngenta Debrecen 2013,127433,https://doi.org/10.15454/CAPEG4,LAN496_H,VIRTUAL_TRIAL,,,,,,,,rainfed,2013,205.789569992,,270.8352372025,,2196.253577149,,75.9615141197,,78.2382760687,,-43.7395833333,,-82.1481481481,,156.974,,721.734,,189.178,,31.2598265972,,25.2453420299,,33.0953976533,,17.7485552727,,13.2968470117,,18.9030719838,,261.4520386677,,119.0102662988,
3108water_regimerainfed,3336672,Deb13,Syngenta Debrecen 2013,127502,https://doi.org/10.15454/MWWCXA,D09_H,VIRTUAL_TRIAL,,,,,,,,rainfed,2013,184.6908136149,,266.713486373,,2028.9339325454,,66.7571279765,,68.337232215,,-53.1473429952,,-59.6944444444,,115.34,,837.754,,195.538,,31.4124571238,,26.3167868606,,32.5148250717,,18.3254366502,,14.0829458076,,17.9520870661,,231.6176514804,,98.6660811625,
3102water_regimerainfed,3336666,Deb13,Syngenta Debrecen 2013,127496,https://doi.org/10.15454/IGF7DX,A3_H,VIRTUAL_TRIAL,,,,,,,,rainfed,2013,214.9342119368,,290.2649261568,,2799.6794128569,,72.1506159032,,75.6018221377,,-46.0205128205,,-76.4074074074,,144.992,,749.817,,209.916,,31.4047267846,,25.4405506301,,32.9616575191,,18.1398775868,,13.4769056245,,18.6141861282,,261.4638816631,,103.4455565013,
3230water_regimerainfed,3336790,Deb13,Syngenta Debrecen 2013,127624,https://doi.org/10.15454/YPHNBZ,PHR36_H,VIRTUAL_TRIAL,,,,,,,,rainfed,2013,208.205570808,,266.6576497283,,2821.5944412445,,73.1780189869,,75.3130059108,,-46.0205128205,,-80.0266666667,,173.957,,749.817,,189.687,,31.1825710035,,25.4405506301,,33.085089337,,17.5750344242,,13.4769056245,,18.9579876852,,247.4592806538,,104.2396925219,
3229water_regimerainfed,3336789,Deb13,Syngenta Debrecen 2013,127623,https://doi.org/10.15454/RCUMRI,PHK29_H,VIRTUAL_TRIAL,,,,,,,,rainfed,2013,210.3488389487,,288.1669532148,,3295.4270316912,,76.3284294102,,76.3818260868,,-46.0205128205,,-81.6527777778,,191.451,,749.817,,148.894,,30.9278346639,,25.4405506301,,33.1704454763,,17.1714112358,,13.4769056245,,19.1333205054,,260.3349205837,,106.9462933967,
3112water_regimerainfed,3336676,Deb13,Syngenta Debrecen 2013,127506,https://doi.org/10.15454/JHDBU3,DKIBO2_H,VIRTUAL_TRIAL,,,,,,,,rainfed,2013,213.1039555237,,323.3643054608,,2209.7698316697,,67.8418201793,,67.5969028194,,-53.1473429952,,-60.6666666667,,129.4,,837.754,,174.736,,31.2611413389,,26.3167868606,,32.4556818795,,18.1542415055,,14.0829458076,,17.8992792573,,261.6666832956,,96.7077768562,
3249water_regimerainfed,3336809,Deb13,Syngenta Debrecen 2013,127643,https://doi.org/10.15454/VEZE8O,UH_S025_H,VIRTUAL_TRIAL,,,,,,,,rainfed,2013,219.3266254761,,275.4159459104,,2382.5978792658,,72.0728099694,,73.2255215253,,-49.6044776119,,-72.5434782609,,172.386,,778.423,,172.872,,30.9228934216,,25.7429675066,,32.8267763335,,17.2814753829,,13.6994891988,,18.6851217494,,263.4733523588,,100.0151393425,
3254water_regimerainfed,3336814,Deb13,Syngenta Debrecen 2013,127648,https://doi.org/10.15454/P7VJXF,W604S_H,VIRTUAL_TRIAL,,,,,,,,rainfed,2013,201.5352242324,,313.5947682311,,1939.2430215752,,73.9927559518,,74.6755637476,,-47.9722222222,,-81.0666666667,,241.226,,761.378,,169.688,,30.5624190746,,25.5951513086,,33.4920947182,,16.7264830581,,13.5729867829,,19.4654779065,,253.708343163,,103.2275701079,
3003water_regimerainfed,3336573,Deb13,Syngenta Debrecen 2013,127402,https://doi.org/10.15454/5GN11W,Oh43_H,VIRTUAL_TRIAL,,,,,,,,rainfed,2013,218.6723428611,,299.9412071878,,2702.6366566911,,71.8287245976,,73.4146433222,,-47.9722222222,,-72.6217948718,,144.992,,769.816,,189.917,,31.4047267846,,25.6072967577,,32.8212389167,,18.1398775868,,13.6062539472,,18.4784531623,,267.9317468957,,104.8923733642,
3038water_regimerainfed,3336608,Deb13,Syngenta Debrecen 2013,127437,https://doi.org/10.15454/GYTVRS,Os426_H,VIRTUAL_TRIAL,,,,,,,,rainfed,2013,217.3612293505,,297.3836866862,,2371.0012697748,,75.9910129943,,77.6576603976,,-43.7395833333,,-82.1481481481,,156.974,,721.734,,189.178,,31.2598265972,,25.2453420299,,33.0953976533,,17.7485552727,,13.2968470117,,18.9030719838,,268.9637146545,,119.9855045878,
3217water_regimerainfed,3336777,Deb13,Syngenta Debrecen 2013,127611,https://doi.org/10.15454/FCAQLR,NQ508_H,VIRTUAL_TRIAL,,,,,,,,rainfed,2013,217.4320237825,,334.3853145244,,2469.8702118851,,73.4067854197,,74.6316052526,,-47.9722222222,,-76.0763888889,,173.957,,761.378,,169.688,,31.1825710035,,25.5951513086,,32.9381121768,,17.5750344242,,13.5729867829,,18.8252687036,,265.5835819824,,112.8000908621,
3040water_regimerainfed,3336610,Deb13,Syngenta Debrecen 2013,127439,https://doi.org/10.15454/J1WKMB,F7001_H,VIRTUAL_TRIAL,,,,,,,,rainfed,2013,211.416489015,,257.2669978395,,2124.4448061934,,73.6022343908,,75.3711272961,,-46.0205128205,,-84.2272727273,,222.181,,741.379,,189.687,,30.6191463952,,25.4256530029,,33.4388817695,,16.7313855385,,13.4411366835,,19.4573465865,,263.2997779417,,111.1200020325,
3218water_regimerainfed,3336778,Deb13,Syngenta Debrecen 2013,127612,https://doi.org/10.15454/PAY7DB,NS701_H,VIRTUAL_TRIAL,,,,,,,,rainfed,2013,212.3719268685,,323.232037028,,2640.1560249468,,72.2007426449,,72.7884307237,,-49.6044776119,,-74.9841269841,,210.997,,786.861,,172.872,,30.8847788219,,25.7527605785,,33.0516580581,,17.1281171402,,13.7304068105,,18.9940689189,,263.1029896309,,102.4622592727,
3041water_regimerainfed,3336611,Deb13,Syngenta Debrecen 2013,127440,https://doi.org/10.15454/VUPKKL,LH74_H,VIRTUAL_TRIAL,,,,,,,,rainfed,2013,191.6626017136,,294.5183665939,,2432.9914659538,,73.2083097987,,72.5374767357,,-49.6044776119,,-70.5763888889,,156.974,,778.423,,152.643,,31.2598265972,,25.7429675066,,32.6874501505,,17.7485552727,,13.6994891988,,18.4798073331,,229.1639018047,,106.7598254174,
3120water_regimerainfed,3336684,Deb13,Syngenta Debrecen 2013,127514,https://doi.org/10.15454/NC19EQ,EA1027_H,VIRTUAL_TRIAL,,,,,,,,rainfed,2013,207.1716015533,,344.0707905239,,2025.248237149,,72.6397415676,,75.1666760854,,-46.0205128205,,-82.9057971014,,212.568,,749.817,,209.916,,31.1252067812,,25.4405506301,,33.3128781294,,17.4043257879,,13.4769056245,,19.263797356,,255.9320189787,,120.8197309906,
3042water_regimerainfed,3336612,Deb13,Syngenta Debrecen 2013,127441,https://doi.org/10.15454/DB5QJS,HMV5405_H,VIRTUAL_TRIAL,,,,,,,,rainfed,2013,213.578753405,,346.8489213084,,1679.7659804153,,70.8256773425,,71.4617308862,,-50.9852941176,,-71.5583333333,,210.997,,799.048,,173.967,,30.8847788219,,25.8740992503,,32.971244657,,17.1281171402,,13.8006493338,,18.9148534459,,259.5694023756,,103.2999850367,
3088water_regimerainfed,3336654,Deb13,Syngenta Debrecen 2013,127484,https://doi.org/10.15454/9GOSKA,W95115_H,VIRTUAL_TRIAL,,,,,,,,rainfed,2013,202.2323750996,,293.5380336051,,2206.6687323683,,69.7151594195,,71.2692764944,,-50.9852941176,,-67.4057971014,,156.974,,799.048,,192.517,,31.2598265972,,25.8740992503,,32.6016903274,,17.7485552727,,13.8006493338,,18.3885651138,,255.8545822851,,103.0122944752,
3043water_regimerainfed,3336613,Deb13,Syngenta Debrecen 2013,127442,https://doi.org/10.15454/RPM9FH,F924_H,VIRTUAL_TRIAL,,,,,,,,rainfed,2013,207.6343485507,,325.4939292379,,2407.8491443996,,71.5666398275,,71.1219574005,,-50.9852941176,,-72.4912280702,,224.011,,799.048,,152.247,,30.8710195909,,25.8740992503,,33.0991628996,,17.043221026,,13.8006493338,,19.1205976122,,252.4660531243,,99.6664086792,
3204water_regimerainfed,3336764,Deb13,Syngenta Debrecen 2013,127598,https://doi.org/10.15454/E3TUYJ,Lo1282_H,VIRTUAL_TRIAL,,,,,,,,rainfed,2013,219.809042637,,325.9407100773,,2490.4527349784,,78.0553330746,,79.6696940866,,-41.2830687831,,-91.8933333333,,210.997,,702.344,,175.701,,30.8847788219,,25.0520264544,,33.6234390213,,17.1281171402,,13.1239031914,,19.5974129022,,276.3805237204,,112.6487591299,
3023water_regimerainfed,3336593,Deb13,Syngenta Debrecen 2013,127422,https://doi.org/10.15454/KUZQQB,Pa405_H,VIRTUAL_TRIAL,,,,,,,,rainfed,2013,208.5050036035,,240.5658600934,,1999.0161810765,,71.5411222671,,75.5682907314,,-46.0205128205,,-81.6527777778,,191.451,,741.379,,209.916,,30.9278346639,,25.4256530029,,33.1704454763,,17.1714112358,,13.4411366835,,19.1333205054,,249.6546916572,,101.1209537938,
3126water_regimerainfed,3336690,Deb13,Syngenta Debrecen 2013,127520,https://doi.org/10.15454/TYSFSI,EZ31_H,VIRTUAL_TRIAL,,,,,,,,rainfed,2013,226.5283150134,,294.4938810615,,2732.0654259581,,74.1997587697,,75.4460127923,,-46.0205128205,,-81.6527777778,,191.451,,741.379,,189.687,,30.9278346639,,25.4256530029,,33.1704454763,,17.1714112358,,13.4411366835,,19.1333205054,,266.1000612141,,115.6481060045,
3195water_regimerainfed,3336755,Deb13,Syngenta Debrecen 2013,127589,https://doi.org/10.15454/LSJ0SQ,Lo1242_H,VIRTUAL_TRIAL,,,,,,,,rainfed,2013,210.3095504738,,337.1994005039,,2317.3538008662,,74.1860173438,,73.2119179494,,-49.6044776119,,-70.5763888889,,158.259,,778.423,,152.643,,31.4895026483,,25.7429675066,,32.6874501505,,17.9979593254,,13.6994891988,,18.4798073331,,266.0513741677,,88.5952594368,
3129water_regimerainfed,3336693,Deb13,Syngenta Debrecen 2013,127523,https://doi.org/10.15454/QQEUB4,EZ38_H,VIRTUAL_TRIAL,,,,,,,,rainfed,2013,228.7048496203,,318.2778426732,,2684.40365462,,75.4618781817,,77.231002026,,-43.7395833333,,-87.4513888889,,210.997,,721.734,,189.178,,30.8847788219,,25.2453420299,,33.4650730104,,17.1281171402,,13.2968470117,,19.4059589527,,273.4833012865,,122.1926308204,
3006water_regimerainfed,3336576,Deb13,Syngenta Debrecen 2013,127405,https://doi.org/10.15454/FLE1RA,EZ47_H,VIRTUAL_TRIAL,,,,,,,,rainfed,2013,214.961138709,,270.1899155635,,2780.352704531,,73.1491666399,,74.3084636587,,-47.9722222222,,-72.6217948718,,144.992,,761.378,,169.688,,31.4047267846,,25.5951513086,,32.8212389167,,18.1398775868,,13.5729867829,,18.4784531623,,260.917973125,,119.6847406606,
3130water_regimerainfed,3336694,Deb13,Syngenta Debrecen 2013,127524,https://doi.org/10.15454/3Q2V9S,EZ42_H,VIRTUAL_TRIAL,,,,,,,,rainfed,2013,227.4812085968,,304.671230169,,3112.6553800118,,74.3589377082,,75.4738888837,,-46.0205128205,,-82.9057971014,,210.997,,749.817,,189.687,,30.8847788219,,25.4405506301,,33.3128781294,,17.1281171402,,13.4769056245,,19.263797356,,270.3788152864,,112.4666457915,
3132water_regimerainfed,3336696,Deb13,Syngenta Debrecen 2013,127526,https://doi.org/10.15454/U6LYU7,EZ48_H,VIRTUAL_TRIAL,,,,,,,,rainfed,2013,231.4423127143,,314.3837516894,,2520.8643036592,,77.6309577461,,81.2645337751,,-38.7069892473,,-97.78,,225.582,,692.016,,206.695,,31.1027295222,,24.8771236279,,33.8989180782,,17.3120714994,,12.9782585373,,19.9962843308,,282.061095346,,134.5289608087,
3075water_regimerainfed,3336641,Deb13,Syngenta Debrecen 2013,127471,https://doi.org/10.15454/TOUBKW,UH_P128_H,VIRTUAL_TRIAL,,,,,,,,rainfed,2013,207.4993076514,,324.3367446144,,2117.1877002285,,70.0946736062,,70.4663294998,,-50.9852941176,,-66.1388888889,,143.707,,799.048,,173.967,,31.1600768329,,25.8740992503,,32.6330603825,,17.885355163,,13.8006493338,,18.242198133,,253.161755814,,105.6261465168,
3182water_regimerainfed,3336743,Deb13,Syngenta Debrecen 2013,127576,https://doi.org/10.15454/KF2P15,Lo1094_H,VIRTUAL_TRIAL,,,,,,,,rainfed,2013,206.3900157372,,297.114916074,,2903.752827227,,73.8429752631,,75.9202885018,,-46.0205128205,,-77.9230769231,,156.974,,749.817,,189.687,,31.2598265972,,25.4405506301,,32.9465454372,,17.7485552727,,13.4769056245,,18.7579718418,,256.4216319011,,113.4621823629,
3008water_regimerainfed,3336578,Deb13,Syngenta Debrecen 2013,127407,https://doi.org/10.15454/GAHOFA,A310_H,VIRTUAL_TRIAL,,,,,,,,rainfed,2013,213.7791065785,,314.9476073745,,2220.4224171716,,69.9297428039,,71.6578374109,,-49.8257575758,,-76.0416666667,,222.181,,777.151,,213.142,,30.6191463952,,25.9100845486,,33.1772010586,,16.7313855385,,13.74511083,,19.1934866505,,260.223299459,,125.4708188069,
3137water_regimerainfed,3336700,Deb13,Syngenta Debrecen 2013,127531,https://doi.org/10.15454/G6TRI1,F04702_H,VIRTUAL_TRIAL,,,,,,,,rainfed,2013,219.7388442244,,329.9789062106,,2451.7760969432,,73.3711812621,,74.067996294,,-47.9722222222,,-77.6014492754,,193.022,,761.378,,169.688,,31.1764864615,,25.5951513086,,33.0207891412,,17.4573246566,,13.5729867829,,19.0024542994,,269.9098152378,,122.1263502206,
3069water_regimerainfed,3336637,Deb13,Syngenta Debrecen 2013,127467,https://doi.org/10.15454/VVTTBY,Lp5_H,VIRTUAL_TRIAL,,,,,,,,rainfed,2013,216.1859594853,,310.9491921468,,2646.168971183,,69.0603195953,,70.6888266971,,-50.9852941176,,-67.4057971014,,156.974,,799.048,,192.517,,31.2598265972,,25.8740992503,,32.6016903274,,17.7485552727,,13.8006493338,,18.3885651138,,265.9932730307,,100.9035398686,
3173water_regimerainfed,3336734,Deb13,Syngenta Debrecen 2013,127567,https://doi.org/10.15454/MR6MIM,LH60_H,VIRTUAL_TRIAL,,,,,,,,rainfed,2013,211.399078127,,280.3897529291,,3014.0450420059,,77.2435799236,,76.2176024531,,-46.0205128205,,-82.9057971014,,212.568,,741.379,,148.894,,31.1252067812,,25.4256530029,,33.3128781294,,17.4043257879,,13.4411366835,,19.263797356,,266.3240406249,,107.9540009684,
3009water_regimerainfed,3336579,Deb13,Syngenta Debrecen 2013,127408,https://doi.org/10.15454/MN1MDA,B84_H,VIRTUAL_TRIAL,,,,,,,,rainfed,2013,221.5359952488,,313.5361944148,,2768.4062850903,,74.8370448885,,76.9014780115,,-43.7395833333,,-87.4513888889,,210.997,,730.172,,189.178,,30.8847788219,,25.2632428663,,33.4650730104,,17.1281171402,,13.3353860853,,19.4059589527,,267.8010391259,,111.3480580808,
3016water_regimerainfed,3336586,Deb13,Syngenta Debrecen 2013,127415,https://doi.org/10.15454/DPMMOI,F1890_H,VIRTUAL_TRIAL,,,,,,,,rainfed,2013,208.3262189935,,318.7287482108,,2922.4843822551,,71.6349806491,,71.9152701826,,-49.6044776119,,-69.2333333333,,144.992,,778.423,,172.872,,31.4047267846,,25.7429675066,,32.7141350104,,18.1398775868,,13.6994891988,,18.3356453428,,252.7439291643,,111.200085925,
3166water_regimerainfed,3336727,Deb13,Syngenta Debrecen 2013,127560,https://doi.org/10.15454/DEW3P6,I242_H,VIRTUAL_TRIAL,,,,,,,,rainfed,2013,213.4525580312,,267.2671072367,,2316.446009538,,75.7243287344,,78.4033520104,,-41.2830687831,,-86.3035714286,,156.974,,702.344,,208.568,,31.2598265972,,25.0520264544,,33.2499985687,,17.7485552727,,13.1239031914,,19.0919732591,,260.7858415528,,110.7857135064,
3063water_regimerainfed,3336632,Deb13,Syngenta Debrecen 2013,127462,https://doi.org/10.15454/WFMW08,W602S_H,VIRTUAL_TRIAL,,,,,,,,rainfed,2013,206.9140364122,,267.1321468645,,2378.0201827167,,72.061151846,,75.3019207965,,-46.1927083333,,-77.9230769231,,156.974,,740.107,,209.916,,31.2598265972,,25.5930344133,,32.9465454372,,17.7485552727,,13.4841472326,,18.7579718418,,252.2544907819,,111.2730996427,
3062water_regimerainfed,3336631,Deb13,Syngenta Debrecen 2013,127461,https://doi.org/10.15454/WFCPMD,PB116_H,VIRTUAL_TRIAL,,,,,,,,rainfed,2013,214.5986208219,,255.9040827064,,2358.0768036718,,73.4851478893,,73.6181559641,,-47.9722222222,,-78.7272727273,,210.997,,761.378,,169.688,,30.8847788219,,25.5951513086,,33.1628934452,,17.1281171402,,13.5729867829,,19.132913452,,259.5280412396,,105.1319970271,
3145water_regimerainfed,3336708,Deb13,Syngenta Debrecen 2013,127539,https://doi.org/10.15454/IFDAIO,F7082_H,VIRTUAL_TRIAL,,,,,,,,rainfed,2013,198.8152041276,,308.0674567363,,2435.2246542963,,71.881001586,,72.7249434906,,-49.6044776119,,-68.2307692308,,129.4,,778.423,,172.872,,31.2611413389,,25.7429675066,,32.7797460156,,18.1542415055,,13.6994891988,,18.3165141871,,242.9354156144,,116.3506264397,
3057water_regimerainfed,3336626,Deb13,Syngenta Debrecen 2013,127456,https://doi.org/10.15454/6FDQYP,F712_H,VIRTUAL_TRIAL,,,,,,,,rainfed,2013,229.5038785971,,265.740135964,,2085.5692892238,,76.1143651655,,76.5350734674,,-46.0205128205,,-85.5317460317,,241.226,,749.817,,169.533,,30.5624190746,,25.4405506301,,33.640687407,,16.7264830581,,13.4769056245,,19.5929905416,,283.6021121567,,126.4471075866,
3154water_regimerainfed,3336717,Deb13,Syngenta Debrecen 2013,127548,https://doi.org/10.15454/AYJM3H,F354_H,VIRTUAL_TRIAL,,,,,,,,rainfed,2013,196.7765804404,,256.3979527372,,2192.2786347125,,71.6758007556,,70.3475019733,,-51.223880597,,-67.4057971014,,158.259,,797.776,,152.247,,31.4895026483,,26.0406791983,,32.6016903274,,17.9979593254,,13.8470998979,,18.3885651138,,233.6994568014,,97.4563312585,
3011water_regimerainfed,3336581,Deb13,Syngenta Debrecen 2013,127410,https://doi.org/10.15454/ZJPT9Q,F912_H,VIRTUAL_TRIAL,,,,,,,,rainfed,2013,200.490025451,,297.0870031039,,2758.9551340236,,69.9640317584,,71.2956396938,,-50.9852941176,,-65.22,,129.4,,799.048,,173.967,,31.2611413389,,25.8740992503,,32.704538813,,18.1542415055,,13.8006493338,,18.2260396195,,250.4304677404,,91.3706923471,
3210water_regimerainfed,3336770,Deb13,Syngenta Debrecen 2013,127604,https://doi.org/10.15454/WAG6NL,Lo904_H,VIRTUAL_TRIAL,,,,,,,,rainfed,2013,204.7232250539,,327.7421297939,,2273.7676803425,,74.1454320002,,75.026320675,,-46.0205128205,,-80.0266666667,,173.957,,741.379,,189.687,,31.1825710035,,25.4256530029,,33.085089337,,17.5750344242,,13.4411366835,,18.9579876852,,252.3219336212,,109.2666895544,
3032water_regimerainfed,3336602,Deb13,Syngenta Debrecen 2013,127431,https://doi.org/10.15454/YK08AN,UH_P089_H,VIRTUAL_TRIAL,,,,,,,,rainfed,2013,200.4886240935,,326.3549798754,,2308.7542921663,,70.9147455823,,72.5627301536,,-49.6044776119,,-74.9841269841,,210.997,,778.423,,194.592,,30.8847788219,,25.7429675066,,33.0516580581,,17.1281171402,,13.6994891988,,18.9940689189,,261.5997465333,,95.6994394834,
3039water_regimerainfed,3336609,Deb13,Syngenta Debrecen 2013,127438,https://doi.org/10.15454/CCDUCG,PHG39_H,VIRTUAL_TRIAL,,,,,,,,rainfed,2013,217.4688208195,,315.5309472567,,2944.276971456,,77.3098805956,,76.7018494819,,-43.7395833333,,-88.9130434783,,224.011,,721.734,,168.539,,30.8710195909,,25.2453420299,,33.5922154001,,17.043221026,,13.2968470117,,19.5972739382,,266.6451813917,,107.3687492145,
3013water_regimerainfed,3336583,Deb13,Syngenta Debrecen 2013,127412,https://doi.org/10.15454/CNJTVT,A347_H,VIRTUAL_TRIAL,,,,,,,,rainfed,2013,196.2272950843,,312.4595776101,,1908.8926024778,,73.8861362541,,73.4092843112,,-47.9722222222,,-72.6217948718,,144.992,,761.378,,169.688,,31.4047267846,,25.5951513086,,32.8212389167,,18.1398775868,,13.5729867829,,18.4784531623,,250.3935105327,,104.2600711758,
3056water_regimerainfed,3336625,Deb13,Syngenta Debrecen 2013,127455,https://doi.org/10.15454/CGZZ3F,DK78371A_H,VIRTUAL_TRIAL,,,,,,,,rainfed,2013,217.9653265053,,306.3546255962,,2891.5037237532,,75.5569556613,,76.2212538656,,-46.0205128205,,-85.5317460317,,241.226,,741.379,,169.533,,30.5624190746,,25.4256530029,,33.640687407,,16.7264830581,,13.4411366835,,19.5929905416,,267.1460497187,,103.288689584,
3158water_regimerainfed,3336721,Deb13,Syngenta Debrecen 2013,127552,https://doi.org/10.15454/GDWINS,HMV5347_H,VIRTUAL_TRIAL,,,,,,,,rainfed,2013,207.3917789194,,320.5276602347,,2411.6838633863,,72.663670465,,72.2874001212,,-49.6044776119,,-70.5763888889,,156.974,,778.423,,172.872,,31.2598265972,,25.7429675066,,32.6874501505,,17.7485552727,,13.6994891988,,18.4798073331,,250.8034870654,,103.4364826848,
3099water_regimerainfed,3336663,Deb13,Syngenta Debrecen 2013,127493,https://doi.org/10.15454/2D05EV,NC358_H,VIRTUAL_TRIAL,,,,,,,,rainfed,2013,224.9531895879,,244.2596744283,,3547.9817623794,,77.6252833617,,79.7778790149,,-41.2830687831,,-93.4791666667,,224.011,,702.344,,187.929,,30.8710195909,,25.0520264544,,33.7518823953,,17.043221026,,13.1239031914,,19.7887336779,,266.1807908467,,117.8342247021,
3227water_regimerainfed,3336787,Deb13,Syngenta Debrecen 2013,127621,https://doi.org/10.15454/Y3D0CI,PHG84_H,VIRTUAL_TRIAL,,,,,,,,rainfed,2013,205.512577342,,291.8994691493,,3414.5228176479,,77.9643495732,,78.8696822055,,-41.2830687831,,-91.8933333333,,210.997,,702.344,,175.701,,30.8847788219,,25.0520264544,,33.6234390213,,17.1281171402,,13.1239031914,,19.5974129022,,255.0407478921,,98.9464092384,
3253water_regimerainfed,3336813,Deb13,Syngenta Debrecen 2013,127647,https://doi.org/10.15454/SU486F,W182E_H,VIRTUAL_TRIAL,,,,,,,,rainfed,2013,210.6607290708,,312.2851904095,,1802.6687395615,,67.7578706914,,69.9226851603,,-52.3382352941,,-62.6458333333,,128.115,,817.242,,195.248,,30.9970796173,,26.1922039093,,32.5528796156,,17.8877111565,,13.990564645,,18.002011991,,254.6055334403,,104.8399664952,
3169water_regimerainfed,3336730,Deb13,Syngenta Debrecen 2013,127563,https://doi.org/10.15454/T2QBKI,IDT_H,VIRTUAL_TRIAL,,,,,,,,rainfed,2013,200.6283976124,,319.0281662302,,2134.4334509886,,74.8932851673,,76.4671917201,,-46.0205128205,,-82.9057971014,,210.997,,741.379,,169.533,,30.8847788219,,25.4256530029,,33.3128781294,,17.1281171402,,13.4411366835,,19.263797356,,245.3223064951,,95.8181549881,
3255water_regimerainfed,3336815,Deb13,Syngenta Debrecen 2013,127649,https://doi.org/10.15454/MUP3UY,Wf9_H,VIRTUAL_TRIAL,,,,,,,,rainfed,2013,200.9693917096,,340.9571907367,,2267.0663396806,,71.6382210015,,74.5056266692,,-47.9722222222,,-74.0466666667,,156.974,,761.378,,189.917,,31.2598265972,,25.5951513086,,32.7999056074,,17.7485552727,,13.5729867829,,18.6225609857,,241.0930850265,,103.1624722093,
3156water_regimerainfed,3336719,Deb13,Syngenta Debrecen 2013,127550,https://doi.org/10.15454/ZLKLHI,HMV5301_H,VIRTUAL_TRIAL,,,,,,,,rainfed,2013,205.7756629747,,395.9741092976,,1983.360988722,,69.8831104098,,70.2015791442,,-50.9852941176,,-66.1388888889,,144.992,,799.048,,192.517,,31.4047267846,,25.8740992503,,32.6330603825,,18.1398775868,,13.8006493338,,18.242198133,,260.1742348344,,103.8035186148,
3026water_regimerainfed,3336596,Deb13,Syngenta Debrecen 2013,127425,https://doi.org/10.15454/ZEQFBU,UH250_H,VIRTUAL_TRIAL,,,,,,,,rainfed,2013,199.6203030302,,276.892720595,,1707.5770894916,,68.8678684253,,69.8523574533,,-52.6044776119,,-63.4927536232,,143.707,,813.485,,173.051,,31.1600768329,,26.3212340283,,32.4716995491,,17.885355163,,14.0338702232,,18.0091327169,,240.5226497558,,98.8263584105,
3094water_regimerainfed,3336659,Deb13,Syngenta Debrecen 2013,127489,https://doi.org/10.15454/I1PIAB,NDB8_H,VIRTUAL_TRIAL,,,,,,,,rainfed,2013,198.059707704,,317.817186501,,1558.3117416299,,68.1976886778,,69.4719505428,,-52.3382352941,,-70.2058823529,,241.226,,817.242,,195.248,,30.5624190746,,26.1922039093,,33.137574833,,16.7264830581,,13.990564645,,19.0046957882,,243.0399960995,,107.0246808174,
3067water_regimerainfed,3336636,Deb13,Syngenta Debrecen 2013,127466,https://doi.org/10.15454/U4PWL3,AS5707_H,VIRTUAL_TRIAL,,,,,,,,rainfed,2013,229.4769767339,,280.951303407,,3633.3567270206,,75.602502272,,77.0697543199,,-43.7395833333,,-93.2333333333,,278.517,,721.734,,189.178,,30.6463553057,,25.2453420299,,34.0014437215,,16.8377488633,,13.2968470117,,19.8835667096,,285.5464115696,,130.2961395623,
3027water_regimerainfed,3336597,Deb13,Syngenta Debrecen 2013,127426,https://doi.org/10.15454/3UYP74,B97_H,VIRTUAL_TRIAL,,,,,,,,rainfed,2013,206.6071203421,,327.4316548601,,2671.8219043755,,75.8361424346,,75.479435755,,-46.0205128205,,-85.5317460317,,243.056,,749.817,,169.533,,30.8067866598,,25.4405506301,,33.640687407,,17.02651343,,13.4769056245,,19.5929905416,,253.9793032133,,116.3018782126,
3178water_regimerainfed,3336739,Deb13,Syngenta Debrecen 2013,127572,https://doi.org/10.15454/MNN3BT,Lo1038_H,VIRTUAL_TRIAL,,,,,,,,rainfed,2013,205.6822014,,291.1856522745,,2700.7231969106,,76.2762826795,,79.6258164743,,-41.2830687831,,-96.6590909091,,260.24,,702.344,,187.929,,30.5397034504,,25.0520264544,,34.1305636936,,16.7446952482,,13.1239031914,,20.0509447609,,254.8113702028,,97.1254781717,
3089water_regimerainfed,3336655,Deb13,Syngenta Debrecen 2013,127485,https://doi.org/10.15454/ITYYBD,Pa91_H,VIRTUAL_TRIAL,,,,,,,,rainfed,2013,200.9089718186,,320.6436474997,,2753.5270578304,,75.2607847393,,77.7822290166,,-43.7395833333,,-87.4513888889,,210.997,,721.734,,189.178,,30.8847788219,,25.2453420299,,33.4650730104,,17.1281171402,,13.2968470117,,19.4059589527,,249.6383730142,,104.8998187703,
3207water_regimerainfed,3336767,Deb13,Syngenta Debrecen 2013,127601,https://doi.org/10.15454/YL5R4U,Lo1290_H,VIRTUAL_TRIAL,,,,,,,,rainfed,2013,211.7085993573,,292.7246104646,,2765.8948609684,,76.0927600755,,77.3835449029,,-43.7395833333,,-87.4513888889,,210.997,,721.734,,189.178,,30.8847788219,,25.2453420299,,33.4650730104,,17.1281171402,,13.2968470117,,19.4059589527,,259.484024643,,102.5316795036,
3081water_regimerainfed,3336647,Deb13,Syngenta Debrecen 2013,127477,https://doi.org/10.15454/WMRRM7,DKFBHJ_H,VIRTUAL_TRIAL,,,,,,,,rainfed,2013,226.6969184554,,301.954178526,,2009.3325770524,,70.4888794125,,71.6747171801,,-49.6044776119,,-72.5434782609,,173.957,,778.423,,194.592,,31.1825710035,,25.7429675066,,32.8267763335,,17.5750344242,,13.6994891988,,18.6851217494,,263.6815572225,,102.8222178104,
3191water_regimerainfed,3336751,Deb13,Syngenta Debrecen 2013,127585,https://doi.org/10.15454/VNMSHP,Lo1187_H,VIRTUAL_TRIAL,,,,,,,,rainfed,2013,208.2552866694,,294.7257001699,,2450.1090536938,,70.8655273303,,72.6985440036,,-49.6044776119,,-69.2333333333,,143.707,,778.423,,194.592,,31.1600768329,,25.7429675066,,32.7141350104,,17.885355163,,13.6994891988,,18.3356453428,,262.8328261581,,109.7594102691,
3201water_regimerainfed,3336761,Deb13,Syngenta Debrecen 2013,127595,https://doi.org/10.15454/TUULPT,Lo1273_H,VIRTUAL_TRIAL,,,,,,,,rainfed,2013,205.9393484404,,339.2128509146,,1828.361380395,,77.0852253163,,73.8144045459,,-47.9722222222,,-74.0466666667,,156.974,,769.816,,128.895,,31.2598265972,,25.6072967577,,32.7999056074,,17.7485552727,,13.6062539472,,18.6225609857,,252.0810534455,,111.4610235239,
3197water_regimerainfed,3336757,Deb13,Syngenta Debrecen 2013,127591,https://doi.org/10.15454/NKIE76,Lo1253_H,VIRTUAL_TRIAL,,,,,,,,rainfed,2013,218.6775690537,,312.238919164,,2988.3520866446,,76.9983601631,,76.4338163675,,-46.0205128205,,-84.2272727273,,224.011,,749.817,,148.894,,30.8710195909,,25.4405506301,,33.4388817695,,17.043221026,,13.4769056245,,19.4573465865,,267.5687770911,,118.7579852605,
3194water_regimerainfed,3336754,Deb13,Syngenta Debrecen 2013,127588,https://doi.org/10.15454/8XPNG8,Lo1223_H,VIRTUAL_TRIAL,,,,,,,,rainfed,2013,217.0154707765,,318.4635771737,,3148.8782465656,,74.1397208788,,74.357226032,,-47.9722222222,,-76.0763888889,,173.957,,769.816,,169.688,,31.1825710035,,25.6072967577,,32.9381121768,,17.5750344242,,13.6062539472,,18.8252687036,,262.1336376872,,109.6886713511,
3079water_regimerainfed,3336645,Deb13,Syngenta Debrecen 2013,127475,https://doi.org/10.15454/T3WOSC,B98_H,VIRTUAL_TRIAL,,,,,,,,rainfed,2013,237.827027227,,257.792738062,,3065.3426710254,,75.0250643442,,79.549997701,,-41.2830687831,,-90.391025641,,193.022,,702.344,,208.568,,31.1764864615,,25.0520264544,,33.4800180765,,17.4573246566,,13.1239031914,,19.4641413653,,286.9412707661,,111.7903025776,
3190water_regimerainfed,3336750,Deb13,Syngenta Debrecen 2013,127584,https://doi.org/10.15454/4YFVBA,Lo1180_H,VIRTUAL_TRIAL,,,,,,,,rainfed,2013,207.1651469611,,314.4879377459,,1568.334257042,,71.847852993,,73.2475627556,,-49.6044776119,,-77.9907407407,,260.24,,778.423,,172.872,,30.5397034504,,25.7429675066,,33.5761802747,,16.7446952482,,13.6994891988,,19.4478283045,,256.5904824124,,114.9698093757,
3185water_regimerainfed,3336746,Deb13,Syngenta Debrecen 2013,127579,https://doi.org/10.15454/IGO0FR,Lo1106_H,VIRTUAL_TRIAL,,,,,,,,rainfed,2013,208.8903735707,,314.3791818989,,2880.8107047275,,74.8121355071,,74.9017165784,,-47.9722222222,,-74.0466666667,,156.974,,761.378,,149.534,,31.2598265972,,25.5951513086,,32.7999056074,,17.7485552727,,13.5729867829,,18.6225609857,,262.6930130841,,101.0941230312,
3085water_regimerainfed,3336651,Deb13,Syngenta Debrecen 2013,127481,https://doi.org/10.15454/QKMCCR,B37_H,VIRTUAL_TRIAL,,,,,,,,rainfed,2013,211.6291730746,,295.5883620646,,2759.2779560698,,76.691427507,,78.1374528684,,-43.7395833333,,-86.0666666667,,191.451,,730.172,,168.539,,30.9278346639,,25.2632428663,,33.3222498682,,17.1714112358,,13.3353860853,,19.2750147122,,260.5428822772,,112.8058191346,
3072water_regimerainfed,3336639,Deb13,Syngenta Debrecen 2013,127469,https://doi.org/10.15454/FVLUWO,LH82_H,VIRTUAL_TRIAL,,,,,,,,rainfed,2013,202.0760766381,,264.574313472,,2918.0954795345,,70.9443996216,,70.8418992509,,-50.9852941176,,-69.3181818182,,173.957,,799.048,,173.967,,31.1825710035,,25.8740992503,,32.743451345,,17.5750344242,,13.8006493338,,18.5990646299,,245.443485926,,95.0893102371,
3177water_regimerainfed,3336738,Deb13,Syngenta Debrecen 2013,127571,https://doi.org/10.15454/PM06E7,Lo1035_H,VIRTUAL_TRIAL,,,,,,,,rainfed,2013,200.5190294527,,301.8060071974,,3051.6386421294,,77.286632536,,77.6446005958,,-43.7395833333,,-90.3712121212,,241.226,,721.734,,168.539,,30.5624190746,,25.2453420299,,33.7918177646,,16.7264830581,,13.2968470117,,19.7331125931,,245.7775921853,,112.3523444129,
3171water_regimerainfed,3336732,Deb13,Syngenta Debrecen 2013,127565,https://doi.org/10.15454/WNQFKH,LH39_H,VIRTUAL_TRIAL,,,,,,,,rainfed,2013,209.0886244643,,330.5072416022,,2311.8516229458,,71.0236394827,,71.1923453795,,-51.223880597,,-65.22,,129.4,,797.776,,173.967,,31.2611413389,,26.0406791983,,32.704538813,,18.1542415055,,13.8470998979,,18.2260396195,,256.6262013992,,103.0105215461,
3127water_regimerainfed,3336691,Deb13,Syngenta Debrecen 2013,127521,https://doi.org/10.15454/EJEGWP,EZ35_H,VIRTUAL_TRIAL,,,,,,,,rainfed,2013,199.9243941006,,286.6659641026,,2481.1179009522,,72.8166843546,,76.5783684603,,-46.0205128205,,-80.0266666667,,173.957,,749.817,,209.916,,31.1825710035,,25.4405506301,,33.085089337,,17.5750344242,,13.4769056245,,18.9579876852,,246.2010027787,,102.8072568886,
3015water_regimerainfed,3336585,Deb13,Syngenta Debrecen 2013,127414,https://doi.org/10.15454/X2ENCA,F7028_H,VIRTUAL_TRIAL,,,,,,,,rainfed,2013,216.9544279154,,255.3143160763,,2465.7545544305,,72.8045589619,,75.5163551016,,-46.0205128205,,-80.0266666667,,173.957,,741.379,,209.916,,31.1825710035,,25.4256530029,,33.085089337,,17.5750344242,,13.4411366835,,18.9579876852,,258.5209683327,,118.6722484105,
3096water_regimerainfed,3336660,Deb13,Syngenta Debrecen 2013,127490,https://doi.org/10.15454/4XYXKB,MS71_H,VIRTUAL_TRIAL,,,,,,,,rainfed,2013,204.4539581679,,293.1993930774,,2412.6236640161,,73.811724485,,73.7625845583,,-47.9722222222,,-71.5308641975,,129.4,,761.378,,169.688,,31.2611413389,,25.5951513086,,32.8804530733,,18.1542415055,,13.5729867829,,18.4547413894,,258.8525346281,,108.6912902553,
3219water_regimerainfed,3336779,Deb13,Syngenta Debrecen 2013,127613,https://doi.org/10.15454/AZDRPF,Oh40B_H,VIRTUAL_TRIAL,,,,,,,,rainfed,2013,207.9124858382,,324.4819879853,,2603.4308399518,,72.0641829473,,76.3959805549,,-46.0205128205,,-76.4074074074,,144.992,,749.817,,209.916,,31.4047267846,,25.4405506301,,32.9616575191,,18.1398775868,,13.4769056245,,18.6141861282,,257.6175513253,,96.8234743834,
3098water_regimerainfed,3336662,Deb13,Syngenta Debrecen 2013,127492,https://doi.org/10.15454/GEYWPP,EP29_H,VIRTUAL_TRIAL,,,,,,,,rainfed,2013,208.039014547,,293.353723627,,2192.1985807296,,70.3058439413,,70.9095897971,,-50.9852941176,,-69.3181818182,,173.957,,799.048,,173.967,,31.1825710035,,25.8740992503,,32.743451345,,17.5750344242,,13.8006493338,,18.5990646299,,254.9210181717,,107.3962259498,
3159water_regimerainfed,3336722,Deb13,Syngenta Debrecen 2013,127553,https://doi.org/10.15454/0TQ4ET,HMV5409_H,VIRTUAL_TRIAL,,,,,,,,rainfed,2013,199.3293982772,,361.3456050619,,2425.836655901,,69.9132598734,,71.2554377884,,-50.9852941176,,-67.4057971014,,156.974,,799.048,,192.517,,31.2598265972,,25.8740992503,,32.6016903274,,17.7485552727,,13.8006493338,,18.3885651138,,237.6863872372,,97.8126267941,
3030water_regimerainfed,3336600,Deb13,Syngenta Debrecen 2013,127429,https://doi.org/10.15454/LFK19C,B89_H,VIRTUAL_TRIAL,,,,,,,,rainfed,2013,200.2676375713,,299.5265379662,,1812.7897058621,,68.6816074927,,73.0958231962,,-49.6044776119,,-65.8154761905,,101.718,,778.423,,213.142,,31.2788257379,,25.7429675066,,32.8654857049,,18.2238296948,,13.6994891988,,18.4197718317,,244.5300742359,,88.8043642897,
3058water_regimerainfed,3336627,Deb13,Syngenta Debrecen 2013,127457,https://doi.org/10.15454/OJMQGR,HMV5325_H,VIRTUAL_TRIAL,,,,,,,,rainfed,2013,225.3564343475,,295.582065066,,2558.2614380139,,72.3330074942,,72.3308283489,,-49.6044776119,,-74.9841269841,,210.997,,778.423,,172.872,,30.8847788219,,25.7429675066,,33.0516580581,,17.1281171402,,13.6994891988,,18.9940689189,,272.046769237,,107.122299534,
3149water_regimerainfed,3336712,Deb13,Syngenta Debrecen 2013,127543,https://doi.org/10.15454/TML7FA,F908_H,VIRTUAL_TRIAL,,,,,,,,rainfed,2013,220.689223618,,289.9114446243,,2110.5158112617,,70.4121318799,,70.1739265925,,-50.9852941176,,-69.3181818182,,173.957,,799.048,,173.967,,31.1825710035,,25.8740992503,,32.743451345,,17.5750344242,,13.8006493338,,18.5990646299,,267.8932673818,,111.4892541097,
3234water_regimerainfed,3336794,Deb13,Syngenta Debrecen 2013,127628,https://doi.org/10.15454/XGPNFM,PHZ51_H,VIRTUAL_TRIAL,,,,,,,,rainfed,2013,229.880052793,,304.5989379323,,2544.9544311154,,77.4014947523,,77.7072455186,,-43.7395833333,,-87.4513888889,,210.997,,721.734,,168.539,,30.8847788219,,25.2453420299,,33.4650730104,,17.1281171402,,13.2968470117,,19.4059589527,,281.0200728752,,120.2851166262,
3246water_regimerainfed,3336806,Deb13,Syngenta Debrecen 2013,127640,https://doi.org/10.15454/RGRUUB,UH_P148_H,VIRTUAL_TRIAL,,,,,,,,rainfed,2013,213.2999979712,,325.054944787,,2050.6397363669,,67.8459052969,,67.5598967874,,-52.8880952381,,-59.6944444444,,114.219,,839.026,,174.736,,31.1304424812,,26.1510219445,,32.5148250717,,18.1036202474,,14.0344531752,,17.9520870661,,269.6792640019,,105.1702949244,
3175water_regimerainfed,3336736,Deb13,Syngenta Debrecen 2013,127569,https://doi.org/10.15454/TW76QX,Lo1016_H,VIRTUAL_TRIAL,,,,,,,,rainfed,2013,213.257907374,,301.0214553938,,3099.9105470567,,75.8167500273,,77.3028479367,,-43.7395833333,,-80.5357142857,,144.992,,721.734,,189.178,,31.4047267846,,25.2453420299,,33.1046538674,,18.1398775868,,13.2968470117,,18.7592393264,,259.9054016163,,110.8626398012,
3248water_regimerainfed,3336808,Deb13,Syngenta Debrecen 2013,127642,https://doi.org/10.15454/NEO4EO,UH_S020_H,VIRTUAL_TRIAL,,,,,,,,rainfed,2013,218.0961452263,,287.7493493421,,3027.8874861054,,74.2978653236,,75.5507048253,,-46.0205128205,,-80.0266666667,,173.957,,741.379,,189.687,,31.1825710035,,25.4256530029,,33.085089337,,17.5750344242,,13.4411366835,,18.9579876852,,263.3352205759,,122.7678520538,
3143water_regimerainfed,3336706,Deb13,Syngenta Debrecen 2013,127537,https://doi.org/10.15454/QPSSQO,F7058_H,VIRTUAL_TRIAL,,,,,,,,rainfed,2013,199.7747047105,,287.2673813569,,2824.2935287634,,70.4011886356,,70.8855269062,,-50.9852941176,,-67.4057971014,,156.974,,799.048,,173.967,,31.2598265972,,25.8740992503,,32.6016903274,,17.7485552727,,13.8006493338,,18.3885651138,,249.1383115083,,102.0030928488,
3164water_regimerainfed,3336725,Deb13,Syngenta Debrecen 2013,127558,https://doi.org/10.15454/C4VEF0,I233_H,VIRTUAL_TRIAL,,,,,,,,rainfed,2013,211.4189251103,,280.4929508281,,2480.0705759106,,81.4595402329,,82.3140834,,-35.9945355191,,-96.4252873563,,173.957,,675.071,,172.393,,31.1825710035,,24.72275779,,33.5652617941,,17.5750344242,,12.8807941165,,19.4764216596,,258.0453317306,,116.0915701152,
3141water_regimerainfed,3336704,Deb13,Syngenta Debrecen 2013,127535,https://doi.org/10.15454/UUGPLJ,F618_H,VIRTUAL_TRIAL,,,,,,,,rainfed,2013,206.3063123187,,304.9554357103,,2636.2580889106,,72.310898442,,74.0940411269,,-47.9722222222,,-71.5308641975,,129.4,,769.816,,189.917,,31.2611413389,,25.6072967577,,32.8804530733,,18.1542415055,,13.6062539472,,18.4547413894,,258.787779261,,104.3420577561,
3172water_regimerainfed,3336733,Deb13,Syngenta Debrecen 2013,127566,https://doi.org/10.15454/JWCMJS,LH59_H,VIRTUAL_TRIAL,,,,,,,,rainfed,2013,208.9521842351,,309.8069049541,,2569.8736077528,,74.9768818508,,76.9819343636,,-43.7395833333,,-88.9130434783,,224.011,,721.734,,189.178,,30.8710195909,,25.2453420299,,33.5922154001,,17.043221026,,13.2968470117,,19.5972739382,,260.7231526979,,101.5669015216,
3018water_regimerainfed,3336588,Deb13,Syngenta Debrecen 2013,127417,https://doi.org/10.15454/TPZTSA,FR19_H,VIRTUAL_TRIAL,,,,,,,,rainfed,2013,208.0360005798,,290.2004932472,,1732.4123032906,,71.4390897835,,73.9183621433,,-47.9722222222,,-74.0466666667,,156.974,,761.378,,189.917,,31.2598265972,,25.5951513086,,32.7999056074,,17.7485552727,,13.5729867829,,18.6225609857,,259.6172585039,,99.941414837,
3181water_regimerainfed,3336742,Deb13,Syngenta Debrecen 2013,127575,https://doi.org/10.15454/089G4O,Lo1087_H,VIRTUAL_TRIAL,,,,,,,,rainfed,2013,209.6657505178,,280.463075067,,3454.5224111126,,80.227062888,,79.5183321313,,-41.2830687831,,-98.246031746,,278.517,,702.344,,156.335,,30.6463553057,,25.0520264544,,34.1644332245,,16.8377488633,,13.1239031914,,20.0887448516,,250.1810589058,,103.6228796373,
3184water_regimerainfed,3336745,Deb13,Syngenta Debrecen 2013,127578,https://doi.org/10.15454/CPJZKR,Lo1101_H,VIRTUAL_TRIAL,,,,,,,,rainfed,2013,197.2297327898,,325.3943637026,,2454.3463558689,,71.853761692,,70.8886665783,,-50.9852941176,,-71.5583333333,,210.997,,807.486,,152.247,,30.8847788219,,25.8818499336,,32.971244657,,17.1281171402,,13.8296527752,,18.9148534459,,257.0243202304,,93.4511814783,
3131water_regimerainfed,3336695,Deb13,Syngenta Debrecen 2013,127525,https://doi.org/10.15454/3VKPVB,W153R_H,VIRTUAL_TRIAL,,,,,,,,rainfed,2013,226.3629525788,,319.6773274506,,2910.3097088413,,73.897873233,,74.5529554344,,-47.9722222222,,-76.0763888889,,173.957,,769.816,,169.688,,31.1825710035,,25.6072967577,,32.9381121768,,17.5750344242,,13.6062539472,,18.8252687036,,272.1196192013,,120.1516565013,
3192water_regimerainfed,3336752,Deb13,Syngenta Debrecen 2013,127586,https://doi.org/10.15454/9UZPXS,Lo1199_H,VIRTUAL_TRIAL,,,,,,,,rainfed,2013,215.2685928058,,274.3484059947,,2528.4226746409,,74.5372033622,,75.5879177462,,-46.0205128205,,-81.6527777778,,191.451,,741.379,,169.533,,30.9278346639,,25.4256530029,,33.1704454763,,17.1714112358,,13.4411366835,,19.1333205054,,261.5074705289,,112.3946593573,
3199water_regimerainfed,3336759,Deb13,Syngenta Debrecen 2013,127593,https://doi.org/10.15454/TNGTAV,Lo1266_H,VIRTUAL_TRIAL,,,,,,,,rainfed,2013,222.3347921758,,340.1161461522,,2833.0671099512,,75.6900654689,,77.3496685011,,-43.7395833333,,-90.3712121212,,241.226,,730.172,,189.178,,30.5624190746,,25.2632428663,,33.7918177646,,16.7264830581,,13.3353860853,,19.7331125931,,260.1366367387,,113.0781831567,
3124water_regimerainfed,3336688,Deb13,Syngenta Debrecen 2013,127518,https://doi.org/10.15454/VGU01X,EP77_H,VIRTUAL_TRIAL,,,,,,,,rainfed,2013,219.0990061104,,256.7010369097,,1445.9895657013,,70.9109145297,,73.2376946521,,-49.6044776119,,-67.0864197531,,114.219,,778.423,,194.592,,31.1304424812,,25.7429675066,,32.8203153665,,18.1036202474,,13.6994891988,,18.348001316,,267.3069939221,,100.0315522882,
3005water_regimerainfed,3336575,Deb13,Syngenta Debrecen 2013,127404,https://doi.org/10.15454/YLEAQG,Oh33_H,VIRTUAL_TRIAL,,,,,,,,rainfed,2013,208.25931468,,282.5747360415,,2308.03211245,,71.9686919152,,74.9275405407,,-46.0205128205,,-76.4074074074,,144.992,,741.379,,209.916,,31.4047267846,,25.4256530029,,32.9616575191,,18.1398775868,,13.4411366835,,18.6141861282,,258.5585140783,,101.6788271233,
3213water_regimerainfed,3336773,Deb13,Syngenta Debrecen 2013,127607,https://doi.org/10.15454/7CWQV7,N192_H,VIRTUAL_TRIAL,,,,,,,,rainfed,2013,193.2726559149,,313.9637123024,,2203.3941107451,,69.3477092458,,70.5906809643,,-50.9852941176,,-64.1474358974,,114.219,,799.048,,192.517,,31.1304424812,,25.8740992503,,32.7495611083,,18.1036202474,,13.8006493338,,18.2622175828,,242.1352651142,,89.5153348452,
3004water_regimerainfed,3336574,Deb13,Syngenta Debrecen 2013,127403,https://doi.org/10.15454/EW2AP2,W64A_H,VIRTUAL_TRIAL,,,,,,,,rainfed,2013,199.9516338425,,293.9120305125,,2489.1651259862,,70.8402242711,,73.7777460564,,-47.9722222222,,-71.5308641975,,129.4,,761.378,,211.637,,31.2611413389,,25.5951513086,,32.8804530733,,18.1542415055,,13.5729867829,,18.4547413894,,247.5702456,,99.7157010405,
3215water_regimerainfed,3336775,Deb13,Syngenta Debrecen 2013,127609,https://doi.org/10.15454/68UAOE,NK764_H,VIRTUAL_TRIAL,,,,,,,,rainfed,2013,206.7093567624,,283.336620455,,2597.5094818442,,69.9594685634,,71.5679444674,,-50.9852941176,,-62.9382716049,,101.718,,799.048,,173.967,,31.2788257379,,25.8740992503,,32.7990249503,,18.2238296948,,13.8006493338,,18.3398234411,,257.2929729056,,102.2823655973,
3115water_regimerainfed,3336679,Deb13,Syngenta Debrecen 2013,127509,https://doi.org/10.15454/HPRD42,EC151_H,VIRTUAL_TRIAL,,,,,,,,rainfed,2013,200.3555160522,,270.6283622263,,2796.9266903958,,71.8839294921,,74.5342177572,,-47.9722222222,,-81.0666666667,,241.226,,761.378,,189.917,,30.5624190746,,25.5951513086,,33.4920947182,,16.7264830581,,13.5729867829,,19.4654779065,,239.9493545729,,101.4609535838,
3225water_regimerainfed,3336785,Deb13,Syngenta Debrecen 2013,127619,https://doi.org/10.15454/3PWKJE,PHG71_H,VIRTUAL_TRIAL,,,,,,,,rainfed,2013,206.9657895523,,308.2081095416,,2251.9050536026,,69.8725311704,,71.7274493346,,-49.6044776119,,-69.2333333333,,144.992,,778.423,,213.142,,31.4047267846,,25.7429675066,,32.7141350104,,18.1398775868,,13.6994891988,,18.3356453428,,246.9103570055,,104.1505234644,
3110water_regimerainfed,3336674,Deb13,Syngenta Debrecen 2013,127504,https://doi.org/10.15454/CFMQSJ,DK78010_H,VIRTUAL_TRIAL,,,,,,,,rainfed,2013,197.2851843852,,334.9960689278,,2524.3943896953,,72.4979402623,,70.8404679642,,-50.9852941176,,-70.6666666667,,191.451,,807.486,,152.247,,30.9278346639,,25.8818499336,,32.8247327426,,17.1714112358,,13.8296527752,,18.7823534218,,244.6912645445,,119.000186474,
3103water_regimerainfed,3336667,Deb13,Syngenta Debrecen 2013,127497,https://doi.org/10.15454/7OOY7F,A375_H,VIRTUAL_TRIAL,,,,,,,,rainfed,2013,204.1949681447,,260.7038247459,,2508.4542674078,,74.41997681,,74.7531635577,,-47.9722222222,,-74.0466666667,,156.974,,761.378,,169.688,,31.2598265972,,25.5951513086,,32.7999056074,,17.7485552727,,13.5729867829,,18.6225609857,,247.3355252258,,99.0906909387,
3033water_regimerainfed,3336603,Deb13,Syngenta Debrecen 2013,127432,https://doi.org/10.15454/V2GUZ8,EC232_H,VIRTUAL_TRIAL,,,,,,,,rainfed,2013,215.9011252206,,320.9675970955,,1982.2440819085,,72.0553205477,,72.1241094177,,-49.6044776119,,-70.5763888889,,156.974,,778.423,,172.872,,31.2598265972,,25.7429675066,,32.6874501505,,17.7485552727,,13.6994891988,,18.4798073331,,259.009768077,,117.4954304632,
3245water_regimerainfed,3336805,Deb13,Syngenta Debrecen 2013,127639,https://doi.org/10.15454/MMGFWL,UH_P115_H,VIRTUAL_TRIAL,,,,,,,,rainfed,2013,207.1113881225,,288.7685768973,,2274.7424176246,,68.8920849737,,70.1705343446,,-51.4772727273,,-64.1474358974,,115.34,,794.019,,192.517,,31.4124571238,,26.1693684901,,32.7495611083,,18.3254366502,,13.8888879129,,18.2622175828,,256.9478935906,,94.3653043203,
3242water_regimerainfed,3336802,Deb13,Syngenta Debrecen 2013,127636,https://doi.org/10.15454/VO3AKN,UH_P074_H,VIRTUAL_TRIAL,,,,,,,,rainfed,2013,205.683453966,,328.3308688467,,2271.5963867872,,68.167861388,,68.5184594735,,-52.0869565217,,-64.696969697,,156.974,,818.514,,195.248,,31.2598265972,,26.0258421532,,32.4315689992,,17.7485552727,,13.9427080783,,18.1515588597,,245.0746773899,,112.2714120946,
3104water_regimerainfed,3336668,Deb13,Syngenta Debrecen 2013,127498,https://doi.org/10.15454/X4VLZJ,B109_H,VIRTUAL_TRIAL,,,,,,,,rainfed,2013,221.3068320079,,325.9964916444,,2261.022310403,,73.1469460209,,74.5332032313,,-47.9722222222,,-74.0466666667,,156.974,,761.378,,169.688,,31.2598265972,,25.5951513086,,32.7999056074,,17.7485552727,,13.5729867829,,18.6225609857,,268.5748898778,,110.3788715159,
3231water_regimerainfed,3336791,Deb13,Syngenta Debrecen 2013,127625,https://doi.org/10.15454/EQYTRS,PHT77_H,VIRTUAL_TRIAL,,,,,,,,rainfed,2013,215.8076885796,,307.0349963832,,3218.1141523965,,73.2499610273,,74.7216104214,,-47.9722222222,,-77.6014492754,,191.451,,769.816,,169.688,,30.9278346639,,25.6072967577,,33.0207891412,,17.1714112358,,13.6062539472,,19.0024542994,,265.9407269641,,110.7534545339,
3226water_regimerainfed,3336786,Deb13,Syngenta Debrecen 2013,127620,https://doi.org/10.15454/30LETM,PHG80_H,VIRTUAL_TRIAL,,,,,,,,rainfed,2013,212.278616899,,327.3581868448,,2986.0958621567,,77.3816767593,,74.4438631085,,-47.9722222222,,-81.0666666667,,241.226,,761.378,,128.895,,30.5624190746,,25.5951513086,,33.4920947182,,16.7264830581,,13.5729867829,,19.4654779065,,249.2612070174,,104.7916047749,
3037water_regimerainfed,3336607,Deb13,Syngenta Debrecen 2013,127436,https://doi.org/10.15454/MNJOZY,HMV5422_H,VIRTUAL_TRIAL,,,,,,,,rainfed,2013,236.0946512155,,312.6109727617,,3018.4528002083,,78.3249925384,,74.1007495011,,-47.9722222222,,-81.0666666667,,241.226,,769.816,,116.667,,30.5624190746,,25.6072967577,,33.4920947182,,16.7264830581,,13.6062539472,,19.4654779065,,290.6482346208,,119.0057976445,
3035water_regimerainfed,3336605,Deb13,Syngenta Debrecen 2013,127434,https://doi.org/10.15454/LLQDYK,EP2008-18_H,VIRTUAL_TRIAL,,,,,,,,rainfed,2013,216.7092759748,,335.6747094707,,2065.291810464,,72.1200905832,,73.6282814957,,-47.9722222222,,-74.0466666667,,158.259,,761.378,,189.917,,31.4895026483,,25.5951513086,,32.7999056074,,17.9979593254,,13.5729867829,,18.6225609857,,266.1158812944,,99.7345489682,
3028water_regimerainfed,3336598,Deb13,Syngenta Debrecen 2013,127427,https://doi.org/10.15454/KSZLK9,F838_H,VIRTUAL_TRIAL,,,,,,,,rainfed,2013,188.8399771872,,270.1571524788,,2880.822492765,,75.6260316324,,77.491285436,,-43.7395833333,,-90.3712121212,,241.226,,730.172,,189.178,,30.5624190746,,25.2632428663,,33.7918177646,,16.7264830581,,13.3353860853,,19.7331125931,,237.4857145256,,105.0083802007,
3091water_regimerainfed,3336657,Deb13,Syngenta Debrecen 2013,127487,https://doi.org/10.15454/D6A8VZ,PHK76_H,VIRTUAL_TRIAL,,,,,,,,rainfed,2013,210.8947227002,,318.2570122733,,2428.1913954136,,77.1831484199,,72.701983702,,-49.6044776119,,-72.5434782609,,173.957,,778.423,,111.85,,31.1825710035,,25.7429675066,,32.8267763335,,17.5750344242,,13.6994891988,,18.6851217494,,258.5191743404,,114.6184515991,
3209water_regimerainfed,3336769,Deb13,Syngenta Debrecen 2013,127603,https://doi.org/10.15454/1ZCMBD,Lo1301_H,VIRTUAL_TRIAL,,,,,,,,rainfed,2013,205.4418989096,,285.7938545878,,3433.7281263318,,73.2953153621,,73.9588882968,,-47.9722222222,,-78.7272727273,,210.997,,761.378,,169.688,,30.8847788219,,25.5951513086,,33.1628934452,,17.1281171402,,13.5729867829,,19.132913452,,256.393214166,,109.0374666516,
3087water_regimerainfed,3336653,Deb13,Syngenta Debrecen 2013,127483,https://doi.org/10.15454/OTWCEI,EC136_H,VIRTUAL_TRIAL,,,,,,,,rainfed,2013,203.565473816,,354.6524803865,,1379.8744387513,,68.175598016,,70.4588428444,,-50.9852941176,,-65.22,,129.4,,799.048,,214.714,,31.2611413389,,25.8740992503,,32.704538813,,18.1542415055,,13.8006493338,,18.2260396195,,259.7903803909,,90.0984716704,
3125water_regimerainfed,3336689,Deb13,Syngenta Debrecen 2013,127519,https://doi.org/10.15454/DBYYTN,EZ18_H,VIRTUAL_TRIAL,,,,,,,,rainfed,2013,205.2692409835,,286.3954273499,,2798.1966232153,,75.5689340044,,79.608456364,,-41.2830687831,,-91.8933333333,,210.997,,710.782,,208.568,,30.8847788219,,25.0732275473,,33.6234390213,,17.1281171402,,13.1657466852,,19.5974129022,,253.3313838501,,119.0171466319,
3128water_regimerainfed,3336692,Deb13,Syngenta Debrecen 2013,127522,https://doi.org/10.15454/HVTNGN,EZ36_H,VIRTUAL_TRIAL,,,,,,,,rainfed,2013,203.04970916,,274.6848746378,,2302.4945865139,,73.8611546878,,75.2639718637,,-46.0205128205,,-82.9057971014,,210.997,,741.379,,189.687,,30.8847788219,,25.4256530029,,33.3128781294,,17.1281171402,,13.4411366835,,19.263797356,,249.590796586,,118.4892065513,
3080water_regimerainfed,3336646,Deb13,Syngenta Debrecen 2013,127476,https://doi.org/10.15454/KOKHG9,ML606_H,VIRTUAL_TRIAL,,,,,,,,rainfed,2013,218.5757411125,,305.7151952284,,2665.170427916,,71.0732658842,,73.4692887194,,-47.9722222222,,-74.0466666667,,156.974,,769.816,,211.637,,31.2598265972,,25.6072967577,,32.7999056074,,17.7485552727,,13.6062539472,,18.6225609857,,261.591001193,,105.827139628,
3077water_regimerainfed,3336643,Deb13,Syngenta Debrecen 2013,127473,https://doi.org/10.15454/WZXITF,PHH93_H,VIRTUAL_TRIAL,,,,,,,,rainfed,2013,210.3641186321,,311.085192084,,2616.026955232,,68.0793711249,,68.2791753134,,-53.1473429952,,-62.626984127,,156.974,,837.754,,174.736,,31.2598265972,,26.3167868606,,32.3193376398,,17.7485552727,,14.0829458076,,18.0461633357,,257.67746198,,103.0467975526,
3049water_regimerainfed,3336618,Deb13,Syngenta Debrecen 2013,127448,https://doi.org/10.15454/FVQLLZ,F7025_H,VIRTUAL_TRIAL,,,,,,,,rainfed,2013,212.1281682342,,307.7267169876,,2048.8630406316,,71.0797435501,,73.8836863276,,-47.9722222222,,-72.6217948718,,143.707,,761.378,,211.637,,31.1600768329,,25.5951513086,,32.8212389167,,17.885355163,,13.5729867829,,18.4784531623,,256.391781564,,110.5868232724,
3070water_regimerainfed,3336638,Deb13,Syngenta Debrecen 2013,127468,https://doi.org/10.15454/CV1BWK,EA1163_H,VIRTUAL_TRIAL,,,,,,,,rainfed,2013,222.2245265364,,270.4165709172,,1728.9496652947,,68.6513936459,,70.5146834807,,-50.9852941176,,-66.1388888889,,143.707,,799.048,,192.517,,31.1600768329,,25.8740992503,,32.6330603825,,17.885355163,,13.8006493338,,18.242198133,,266.7649432739,,105.9846472756,
3051water_regimerainfed,3336620,Deb13,Syngenta Debrecen 2013,127450,https://doi.org/10.15454/ETLUFX,PHG83_H,VIRTUAL_TRIAL,,,,,,,,rainfed,2013,210.6240821475,,346.6248864407,,2246.3079978818,,71.6586788611,,73.9834885382,,-47.9722222222,,-81.0666666667,,243.056,,761.378,,189.917,,30.8067866598,,25.5951513086,,33.4920947182,,17.02651343,,13.5729867829,,19.4654779065,,261.0620485972,,110.5540456801,
3052water_regimerainfed,3336621,Deb13,Syngenta Debrecen 2013,127451,https://doi.org/10.15454/N0XW6Z,N25_H,VIRTUAL_TRIAL,,,,,,,,rainfed,2013,220.4490249902,,313.1970905674,,2639.236853408,,75.2897948883,,77.3980487205,,-43.7395833333,,-86.0666666667,,191.451,,730.172,,189.178,,30.9278346639,,25.2632428663,,33.3222498682,,17.1714112358,,13.3353860853,,19.2750147122,,267.9735055396,,108.719423542,
3065water_regimerainfed,3336634,Deb13,Syngenta Debrecen 2013,127464,https://doi.org/10.15454/HOMOXO,F918_H,VIRTUAL_TRIAL,,,,,,,,rainfed,2013,216.3760117613,,333.3977182989,,2445.013412364,,72.030590871,,75.2773727689,,-46.0205128205,,-82.9057971014,,210.997,,749.817,,209.916,,30.8847788219,,25.4405506301,,33.3128781294,,17.1281171402,,13.4769056245,,19.263797356,,258.3452453509,,114.1839623876,
3144water_regimerainfed,3336707,Deb13,Syngenta Debrecen 2013,127538,https://doi.org/10.15454/7L8N8B,F7057_H,VIRTUAL_TRIAL,,,,,,,,rainfed,2013,200.7613994286,,288.476070555,,2416.0674842638,,71.0830001413,,71.4210209938,,-50.9852941176,,-67.4057971014,,156.974,,799.048,,173.967,,31.2598265972,,25.8740992503,,32.6016903274,,17.7485552727,,13.8006493338,,18.3885651138,,245.3782605485,,108.0084218802,
3055water_regimerainfed,3336624,Deb13,Syngenta Debrecen 2013,127454,https://doi.org/10.15454/CAUHOJ,PHG86_H,VIRTUAL_TRIAL,,,,,,,,rainfed,2013,210.2324779739,,304.7798598757,,2651.0578175124,,72.5726217561,,73.5649907783,,-47.9722222222,,-74.0466666667,,156.974,,761.378,,189.917,,31.2598265972,,25.5951513086,,32.7999056074,,17.7485552727,,13.5729867829,,18.6225609857,,265.3227615057,,113.5327783983,
3107water_regimerainfed,3336671,Deb13,Syngenta Debrecen 2013,127501,https://doi.org/10.15454/UIVO1U,CR1Ht_H,VIRTUAL_TRIAL,,,,,,,,rainfed,2013,205.8527721821,,337.5619614836,,2229.7819416155,,70.2856322888,,69.9914956813,,-50.9852941176,,-65.22,,129.4,,799.048,,173.967,,31.2611413389,,25.8740992503,,32.704538813,,18.1542415055,,13.8006493338,,18.2260396195,,256.7700010458,,104.9662795551,
3105water_regimerainfed,3336669,Deb13,Syngenta Debrecen 2013,127499,https://doi.org/10.15454/3XPQEN,B110_H,VIRTUAL_TRIAL,,,,,,,,rainfed,2013,205.9135810827,,322.7995110452,,2401.4138086447,,74.5828657585,,77.9760188946,,-43.7395833333,,-86.0666666667,,191.451,,721.734,,189.178,,30.9278346639,,25.2453420299,,33.3222498682,,17.1714112358,,13.2968470117,,19.2750147122,,259.4842624601,,112.0389989198,
3247water_regimerainfed,3336807,Deb13,Syngenta Debrecen 2013,127641,https://doi.org/10.15454/KR62P7,UH_S018_H,VIRTUAL_TRIAL,,,,,,,,rainfed,2013,212.906810703,,290.4796325768,,2531.5419317356,,71.4548189609,,72.9923162029,,-49.6044776119,,-72.5434782609,,173.957,,778.423,,172.872,,31.1825710035,,25.7429675066,,32.8267763335,,17.5750344242,,13.6994891988,,18.6851217494,,260.7670186793,,116.6530143183,
3150water_regimerainfed,3336713,Deb13,Syngenta Debrecen 2013,127544,https://doi.org/10.15454/VSJSVC,F922_H,VIRTUAL_TRIAL,,,,,,,,rainfed,2013,212.7988569536,,259.2631444801,,2912.2653943041,,71.0433778061,,70.0510672569,,-50.9852941176,,-70.6666666667,,193.022,,799.048,,173.967,,31.1764864615,,25.8740992503,,32.8247327426,,17.4573246566,,13.8006493338,,18.7823534218,,267.2849420328,,110.5484887897,
3061water_regimerainfed,3336630,Deb13,Syngenta Debrecen 2013,127460,https://doi.org/10.15454/COQ7PM,PB98TR_H,VIRTUAL_TRIAL,,,,,,,,rainfed,2013,222.2874176552,,300.4404611495,,2575.2531089133,,75.6494613396,,79.4870177916,,-41.2830687831,,-93.4791666667,,224.011,,702.344,,208.568,,30.8710195909,,25.0520264544,,33.7518823953,,17.043221026,,13.1239031914,,19.7887336779,,274.6623080308,,138.099122067,
3252water_regimerainfed,3336812,Deb13,Syngenta Debrecen 2013,127646,https://doi.org/10.15454/GBTDNM,W117_H,VIRTUAL_TRIAL,,,,,,,,rainfed,2013,197.1198672034,,306.6972029292,,2453.7158046766,,68.9602098713,,70.7619006171,,-50.9852941176,,-66.1388888889,,144.992,,799.048,,192.517,,31.4047267846,,25.8740992503,,32.6330603825,,18.1398775868,,13.8006493338,,18.242198133,,240.963287515,,99.1753153291,
3168water_regimerainfed,3336729,Deb13,Syngenta Debrecen 2013,127562,https://doi.org/10.15454/GVPFQE,I267_H,VIRTUAL_TRIAL,,,,,,,,rainfed,2013,213.2221254998,,286.1145551337,,2396.3478697453,,77.6989786588,,79.9993397586,,-38.7069892473,,-101.1956521739,,260.24,,683.578,,206.695,,30.5397034504,,24.8524176155,,34.2739206838,,16.7446952482,,12.9327161461,,20.2651428148,,260.8715651079,,127.5816452742,
3092water_regimerainfed,3336658,Deb13,Syngenta Debrecen 2013,127488,https://doi.org/10.15454/BZLOYX,EP10_H,VIRTUAL_TRIAL,,,,,,,,rainfed,2013,189.3668426253,,314.3249249867,,2045.0326079123,,70.7841577102,,72.596952352,,-49.6044776119,,-68.2307692308,,129.4,,786.861,,194.592,,31.2611413389,,25.7527605785,,32.7797460156,,18.1542415055,,13.7304068105,,18.3165141871,,229.64655904,,94.1424163693,
3090water_regimerainfed,3336656,Deb13,Syngenta Debrecen 2013,127486,https://doi.org/10.15454/7XVPGB,EA3076_H,VIRTUAL_TRIAL,,,,,,,,rainfed,2013,209.0158711567,,282.8861329565,,2531.3946218272,,72.5111851385,,77.3369912392,,-43.7395833333,,-87.4513888889,,210.997,,721.734,,229.561,,30.8847788219,,25.2453420299,,33.4650730104,,17.1281171402,,13.2968470117,,19.4059589527,,256.0375004641,,97.8547237522,
3025water_regimerainfed,3336595,Deb13,Syngenta Debrecen 2013,127424,https://doi.org/10.15454/EYCTRV,Oh02_H,VIRTUAL_TRIAL,,,,,,,,rainfed,2013,219.0920582881,,314.8599636124,,2502.521717497,,78.1546932902,,79.5750097858,,-41.2830687831,,-88.5617283951,,173.957,,702.344,,175.701,,31.1825710035,,25.0520264544,,33.3895189624,,17.5750344242,,13.1239031914,,19.2895435369,,263.1918961511,,130.931808987,
3203water_regimerainfed,3336763,Deb13,Syngenta Debrecen 2013,127597,https://doi.org/10.15454/ZVAVSP,Lo1280_H,VIRTUAL_TRIAL,,,,,,,,rainfed,2013,212.3650910283,,355.4231984547,,2078.2563266841,,77.6590133844,,78.1231857756,,-43.7395833333,,-86.0666666667,,191.451,,721.734,,168.539,,30.9278346639,,25.2453420299,,33.3222498682,,17.1714112358,,13.2968470117,,19.2750147122,,255.199522181,,100.6684743229,
3084water_regimerainfed,3336650,Deb13,Syngenta Debrecen 2013,127480,https://doi.org/10.15454/ELUEOX,F98902_H,VIRTUAL_TRIAL,,,,,,,,rainfed,2013,207.9446950731,,314.5204566257,,2324.3726526997,,70.5612046159,,70.5058156351,,-50.9852941176,,-66.1388888889,,143.707,,799.048,,173.967,,31.1600768329,,25.8740992503,,32.6330603825,,17.885355163,,13.8006493338,,18.242198133,,254.2362561349,,109.6717630142,
3082water_regimerainfed,3336648,Deb13,Syngenta Debrecen 2013,127478,https://doi.org/10.15454/SZLUZC,PHG47_H,VIRTUAL_TRIAL,,,,,,,,rainfed,2013,215.0639220731,,305.4447501409,,2888.1604626451,,69.7238030497,,71.4729858125,,-50.9852941176,,-69.3181818182,,173.957,,807.486,,192.517,,31.1825710035,,25.8818499336,,32.743451345,,17.5750344242,,13.8296527752,,18.5990646299,,269.6820081426,,100.9972383174,
3189water_regimerainfed,3336749,Deb13,Syngenta Debrecen 2013,127583,https://doi.org/10.15454/GJAFVX,Lo1172_H,VIRTUAL_TRIAL,,,,,,,,rainfed,2013,219.6444468846,,316.4978080317,,2644.0745531219,,75.8186389512,,73.9852864958,,-47.9722222222,,-76.0763888889,,173.957,,761.378,,149.534,,31.1825710035,,25.5951513086,,32.9381121768,,17.5750344242,,13.5729867829,,18.8252687036,,264.6821168201,,95.5766351681,
3019water_regimerainfed,3336589,Deb13,Syngenta Debrecen 2013,127418,https://doi.org/10.15454/PJSPJG,B100_H,VIRTUAL_TRIAL,,,,,,,,rainfed,2013,202.5939031124,,306.5553095178,,2350.4374951955,,71.539187769,,73.6289267707,,-47.9722222222,,-76.0763888889,,173.957,,761.378,,189.917,,31.1825710035,,25.5951513086,,32.9381121768,,17.5750344242,,13.5729867829,,18.8252687036,,260.5404864399,,109.9179998624,
3174water_regimerainfed,3336735,Deb13,Syngenta Debrecen 2013,127568,https://doi.org/10.15454/NFXR4L,LH65_H,VIRTUAL_TRIAL,,,,,,,,rainfed,2013,215.9659302297,,327.718994153,,2503.3786668092,,75.6422892403,,77.7847696429,,-43.7395833333,,-86.0666666667,,193.022,,721.734,,189.178,,31.1764864615,,25.2453420299,,33.3222498682,,17.4573246566,,13.2968470117,,19.2750147122,,270.3722020972,,117.401080586,
3170water_regimerainfed,3336731,Deb13,Syngenta Debrecen 2013,127564,https://doi.org/10.15454/LYOFZO,LH123Ht_H,VIRTUAL_TRIAL,,,,,,,,rainfed,2013,206.6033695412,,280.765407914,,3038.8630859635,,74.6526806159,,77.5667017054,,-43.7395833333,,-84.3333333333,,173.957,,721.734,,189.178,,31.1825710035,,25.2453420299,,33.2343380269,,17.5750344242,,13.2968470117,,19.1009756848,,248.8376451592,,118.8699291572,
3165water_regimerainfed,3336726,Deb13,Syngenta Debrecen 2013,127559,https://doi.org/10.15454/VMZUXV,I238_H,VIRTUAL_TRIAL,,,,,,,,rainfed,2013,209.6476965388,,226.1703319102,,3278.8006321695,,76.1746390357,,79.6875645076,,-41.2830687831,,-91.8933333333,,210.997,,710.782,,187.929,,30.8847788219,,25.0732275473,,33.6234390213,,17.1281171402,,13.1657466852,,19.5974129022,,257.6100995362,,101.633086144,
3160water_regimerainfed,3336723,Deb13,Syngenta Debrecen 2013,127554,https://doi.org/10.15454/QSWXHN,HMV5502_H,VIRTUAL_TRIAL,,,,,,,,rainfed,2013,212.4864513818,,308.3406280095,,2561.6624396995,,74.6575498619,,76.1767092897,,-46.0205128205,,-81.6527777778,,191.451,,741.379,,169.533,,30.9278346639,,25.4256530029,,33.1704454763,,17.1714112358,,13.4411366835,,19.1333205054,,255.0181254247,,128.1542805644,
3059water_regimerainfed,3336628,Deb13,Syngenta Debrecen 2013,127458,https://doi.org/10.15454/HZM5Q3,B113_H,VIRTUAL_TRIAL,,,,,,,,rainfed,2013,208.0622793547,,275.2732512505,,3065.2508480159,,74.0422989859,,76.5348931788,,-46.0205128205,,-86.8,,260.24,,749.817,,189.687,,30.5397034504,,25.4405506301,,33.8241311351,,16.7446952482,,13.4769056245,,19.7126400686,,260.0929247053,,107.0814104308,
3152water_regimerainfed,3336715,Deb13,Syngenta Debrecen 2013,127546,https://doi.org/10.15454/FLADQ9,F218_H,VIRTUAL_TRIAL,,,,,,,,rainfed,2013,193.616824164,,323.2688402956,,1747.4657071038,,68.8293952994,,69.6523351742,,-52.0869565217,,-61.6333333333,,115.34,,818.514,,173.051,,31.4124571238,,26.0258421532,,32.6057691707,,18.3254366502,,13.9427080783,,18.048598178,,235.224358843,,100.9051045906,
3153water_regimerainfed,3336716,Deb13,Syngenta Debrecen 2013,127547,https://doi.org/10.15454/KVWABC,F252_H,VIRTUAL_TRIAL,,,,,,,,rainfed,2013,200.7501660106,,275.8301396931,,1029.1670890924,,68.6627977223,,69.5823181303,,-52.3382352941,,-61.6333333333,,115.34,,817.242,,173.051,,31.4124571238,,26.1922039093,,32.6057691707,,18.3254366502,,13.990564645,,18.048598178,,246.1886866667,,102.2015432368,
3157water_regimerainfed,3336720,Deb13,Syngenta Debrecen 2013,127551,https://doi.org/10.15454/A6PR22,HMV5343_H,VIRTUAL_TRIAL,,,,,,,,rainfed,2013,197.0510282577,,350.64034139,,1974.1577918307,,70.1305917856,,71.253124419,,-50.9852941176,,-71.5583333333,,210.997,,799.048,,173.967,,30.8847788219,,25.8740992503,,32.971244657,,17.1281171402,,13.8006493338,,18.9148534459,,242.3843501738,,105.8826037928,
3064water_regimerainfed,3336633,Deb13,Syngenta Debrecen 2013,127463,https://doi.org/10.15454/OJB9O0,N6_H,VIRTUAL_TRIAL,,,,,,,,rainfed,2013,202.1265912633,,303.3105822804,,2546.4713348269,,71.8785482504,,73.9281903911,,-47.9722222222,,-77.6014492754,,191.451,,761.378,,189.917,,30.9278346639,,25.5951513086,,33.0207891412,,17.1714112358,,13.5729867829,,19.0024542994,,246.9567426065,,99.9476584826,
3078water_regimerainfed,3336644,Deb13,Syngenta Debrecen 2013,127474,https://doi.org/10.15454/GF4RQE,EP55_H,VIRTUAL_TRIAL,,,,,,,,rainfed,2013,217.5012213574,,293.5503164979,,2258.8782981977,,72.1665404122,,74.2506880605,,-47.9722222222,,-74.0466666667,,156.974,,761.378,,189.917,,31.2598265972,,25.5951513086,,32.7999056074,,17.7485552727,,13.5729867829,,18.6225609857,,265.0050165362,,122.2401294688,
3134water_regimerainfed,3336697,Deb13,Syngenta Debrecen 2013,127528,https://doi.org/10.15454/OAENUW,F04401_H,VIRTUAL_TRIAL,,,,,,,,rainfed,2013,223.4812265944,,336.3757312605,,2069.6336150794,,71.603615932,,72.9751145441,,-49.8257575758,,-76.0416666667,,224.011,,777.151,,172.872,,30.8710195909,,25.9100845486,,33.1772010586,,17.043221026,,13.74511083,,19.1934866505,,267.9937072166,,115.8085843436,
3193water_regimerainfed,3336753,Deb13,Syngenta Debrecen 2013,127587,https://doi.org/10.15454/B3KRWB,Lo1203_H,VIRTUAL_TRIAL,,,,,,,,rainfed,2013,213.665945331,,288.5021492568,,2694.3571513562,,75.066684149,,76.3180500784,,-46.0205128205,,-82.9057971014,,210.997,,749.817,,169.533,,30.8847788219,,25.4405506301,,33.3128781294,,17.1281171402,,13.4769056245,,19.263797356,,266.6507048472,,111.3210447517,
3202water_regimerainfed,3336762,Deb13,Syngenta Debrecen 2013,127596,https://doi.org/10.15454/DTTIUB,Lo1274_H,VIRTUAL_TRIAL,,,,,,,,rainfed,2013,220.0962386265,,327.1357729085,,1858.0033261373,,76.0336502275,,77.3277499312,,-43.7395833333,,-84.3333333333,,173.957,,721.734,,189.178,,31.1825710035,,25.2453420299,,33.2343380269,,17.5750344242,,13.2968470117,,19.1009756848,,273.7208095961,,91.0132934514,
3256water_regimerainfed,3336816,Deb13,Syngenta Debrecen 2013,127650,https://doi.org/10.15454/I2W4OZ,SGI061_H,VIRTUAL_TRIAL,,,,,,,,rainfed,2013,219.6508241408,,319.1159812524,,2431.0948816982,,74.3406840503,,72.6139175509,,-49.6044776119,,-68.2307692308,,129.4,,786.861,,152.643,,31.2611413389,,25.7527605785,,32.7797460156,,18.1542415055,,13.7304068105,,18.3165141871,,264.5374420008,,122.2869340202,
3117water_regimerainfed,3336681,Deb13,Syngenta Debrecen 2013,127511,https://doi.org/10.15454/LQ4CSH,EC175_H,VIRTUAL_TRIAL,,,,,,,,rainfed,2013,216.3566087108,,283.4139642475,,2546.0025909031,,70.0410784454,,72.4120695177,,-49.6044776119,,-70.5763888889,,156.974,,778.423,,194.592,,31.2598265972,,25.7429675066,,32.6874501505,,17.7485552727,,13.6994891988,,18.4798073331,,260.9914723701,,110.7138395994,
3250water_regimerainfed,3336810,Deb13,Syngenta Debrecen 2013,127644,https://doi.org/10.15454/PRT5XO,UH304_H,VIRTUAL_TRIAL,,,,,,,,rainfed,2013,202.4804980705,,316.336086304,,2337.6786606392,,69.1916372945,,69.1848043961,,-52.3382352941,,-60.4743589744,,101.718,,817.242,,173.051,,31.2788257379,,26.1922039093,,32.6626659272,,18.2238296948,,13.990564645,,18.137405008,,257.1561035431,,101.1113449566,
3233water_regimerainfed,3336793,Deb13,Syngenta Debrecen 2013,127627,https://doi.org/10.15454/TALVXU,PHW65_H,VIRTUAL_TRIAL,,,,,,,,rainfed,2013,210.246545347,,330.1533570094,,2798.5953971277,,74.6305474812,,75.8640259472,,-46.0205128205,,-85.5317460317,,241.226,,749.817,,169.533,,30.5624190746,,25.4405506301,,33.640687407,,16.7264830581,,13.4769056245,,19.5929905416,,258.8342826293,,109.7464662045,
3244water_regimerainfed,3336804,Deb13,Syngenta Debrecen 2013,127638,https://doi.org/10.15454/VELLIH,UH_P104_H,VIRTUAL_TRIAL,,,,,,,,rainfed,2013,213.1883457225,,280.0868711352,,1692.9406231398,,67.2626581174,,67.8513393409,,-53.4215686275,,-60.6666666667,,129.4,,833.997,,174.736,,31.2611413389,,26.4457515801,,32.4556818795,,18.1542415055,,14.1269730855,,17.8992792573,,259.9383535018,,92.7768276282,
3237water_regimerainfed,3336797,Deb13,Syngenta Debrecen 2013,127631,https://doi.org/10.15454/NAG17Z,UH_6102_H,VIRTUAL_TRIAL,,,,,,,,rainfed,2013,204.9787703649,,326.7613366224,,2133.5300711992,,67.395116227,,68.061859035,,-52.8880952381,,-60.6666666667,,129.4,,839.026,,174.736,,31.2611413389,,26.1510219445,,32.4556818795,,18.1542415055,,14.0344531752,,17.8992792573,,249.3609462374,,98.165150535,
3036water_regimerainfed,3336606,Deb13,Syngenta Debrecen 2013,127435,https://doi.org/10.15454/OVKBUY,F7081_H,VIRTUAL_TRIAL,,,,,,,,rainfed,2013,213.4805383645,,309.9987167765,,2307.9991131372,,72.9858379273,,75.6082789573,,-46.0205128205,,-80.0266666667,,173.957,,741.379,,189.687,,31.1825710035,,25.4256530029,,33.085089337,,17.5750344242,,13.4411366835,,18.9579876852,,257.8062145549,,105.9299836955,
3114water_regimerainfed,3336678,Deb13,Syngenta Debrecen 2013,127508,https://doi.org/10.15454/TB90FE,EC140_H,VIRTUAL_TRIAL,,,,,,,,rainfed,2013,196.1926415699,,255.5371215671,,2723.4221573593,,71.0548911472,,75.01519147,,-46.0205128205,,-82.9057971014,,210.997,,741.379,,231.636,,30.8847788219,,25.4256530029,,33.3128781294,,17.1281171402,,13.4411366835,,19.263797356,,243.1707419052,,97.3397776583,
3119water_regimerainfed,3336683,Deb13,Syngenta Debrecen 2013,127513,https://doi.org/10.15454/7R7CML,EC334_H,VIRTUAL_TRIAL,,,,,,,,rainfed,2013,198.5483925119,,319.7636836981,,2587.7128025351,,72.0134633,,73.1469223039,,-49.6044776119,,-69.2333333333,,144.992,,778.423,,172.872,,31.4047267846,,25.7429675066,,32.7141350104,,18.1398775868,,13.6994891988,,18.3356453428,,244.6942456601,,93.8893045439,
3123water_regimerainfed,3336687,Deb13,Syngenta Debrecen 2013,127517,https://doi.org/10.15454/NI7BTY,EP72_H,VIRTUAL_TRIAL,,,,,,,,rainfed,2013,200.9020917704,,216.8102226093,,2996.3898164336,,75.0827733113,,77.9729791672,,-43.7395833333,,-88.9130434783,,224.011,,730.172,,189.178,,30.8710195909,,25.2632428663,,33.5922154001,,17.043221026,,13.3353860853,,19.5972739382,,247.7122902574,,113.8285525463,
3196water_regimerainfed,3336756,Deb13,Syngenta Debrecen 2013,127590,https://doi.org/10.15454/ZPQMID,Lo1251_H,VIRTUAL_TRIAL,,,,,,,,rainfed,2013,204.327619126,,296.4859086429,,3258.7206925361,,77.2706628572,,79.1658659073,,-41.2830687831,,-91.8933333333,,210.997,,710.782,,187.929,,30.8847788219,,25.0732275473,,33.6234390213,,17.1281171402,,13.1657466852,,19.5974129022,,253.1616525712,,116.0049635524,
3047water_regimerainfed,3336617,Deb13,Syngenta Debrecen 2013,127446,https://doi.org/10.15454/ALXSGY,W9_H,VIRTUAL_TRIAL,,,,,,,,rainfed,2013,201.2664737583,,258.5937667019,,2171.8637845796,,69.8687058461,,71.4964601988,,-50.9852941176,,-67.4057971014,,156.974,,799.048,,192.517,,31.2598265972,,25.8740992503,,32.6016903274,,17.7485552727,,13.8006493338,,18.3885651138,,236.4796382872,,94.3597280766,
3050water_regimerainfed,3336619,Deb13,Syngenta Debrecen 2013,127449,https://doi.org/10.15454/X6F0EB,CO109_H,VIRTUAL_TRIAL,,,,,,,,rainfed,2013,197.2102921464,,274.2771680472,,1701.8491410446,,68.1053653446,,70.6260994659,,-51.223880597,,-64.1474358974,,114.219,,797.776,,214.714,,31.1304424812,,26.0406791983,,32.7495611083,,18.1036202474,,13.8470998979,,18.2622175828,,238.3919382205,,102.5191183347,
3179water_regimerainfed,3336740,Deb13,Syngenta Debrecen 2013,127573,https://doi.org/10.15454/YW6ASO,Lo1056_H,VIRTUAL_TRIAL,,,,,,,,rainfed,2013,222.9616282387,,299.1986215346,,3643.0771945206,,78.2803112686,,80.9923216841,,-38.7069892473,,-101.1956521739,,260.24,,683.578,,194.467,,30.5397034504,,24.8524176155,,34.2739206838,,16.7446952482,,12.9327161461,,20.2651428148,,273.0269628354,,115.4226932781,
3054water_regimerainfed,3336623,Deb13,Syngenta Debrecen 2013,127453,https://doi.org/10.15454/P7GP0D,F748_H,VIRTUAL_TRIAL,,,,,,,,rainfed,2013,209.5305975847,,300.7981961482,,2217.9526908236,,73.4824027617,,73.0507692993,,-49.6044776119,,-70.5763888889,,156.974,,786.861,,152.643,,31.2598265972,,25.7527605785,,32.6874501505,,17.7485552727,,13.7304068105,,18.4798073331,,255.2682899245,,109.8247809233,
3031water_regimerainfed,3336601,Deb13,Syngenta Debrecen 2013,127430,https://doi.org/10.15454/TX6MDP,NC290_H,VIRTUAL_TRIAL,,,,,,,,rainfed,2013,208.6567966543,,329.9924758804,,2644.0602696571,,74.2213680534,,73.8056142751,,-47.9722222222,,-81.0666666667,,241.226,,761.378,,169.688,,30.5624190746,,25.5951513086,,33.4920947182,,16.7264830581,,13.5729867829,,19.4654779065,,260.7737130949,,103.3287796177,
3232water_regimerainfed,3336792,Deb13,Syngenta Debrecen 2013,127626,https://doi.org/10.15454/WLFPQC,PHV63_H,VIRTUAL_TRIAL,,,,,,,,rainfed,2013,191.1341347617,,270.4519833747,,3649.9555996551,,76.6423165362,,76.2330306199,,-46.0205128205,,-80.0266666667,,172.386,,749.817,,148.894,,30.9228934216,,25.4405506301,,33.085089337,,17.2814753829,,13.4769056245,,18.9579876852,,243.1885390344,,97.8366912523,
3151water_regimerainfed,3336714,Deb13,Syngenta Debrecen 2013,127545,https://doi.org/10.15454/V1LWRV,FP1_H,VIRTUAL_TRIAL,,,,,,,,rainfed,2013,217.7924379996,,264.5272438357,,2528.4602953755,,70.978778119,,73.6655134657,,-47.9722222222,,-70.3095238095,,114.219,,761.378,,211.637,,31.1304424812,,25.5951513086,,32.9159768382,,18.1036202474,,13.5729867829,,18.4801672921,,263.0460151944,,120.4966717933,
3220water_regimerainfed,3336780,Deb13,Syngenta Debrecen 2013,127614,https://doi.org/10.15454/GWATR4,P465P_H,VIRTUAL_TRIAL,,,,,,,,rainfed,2013,212.0402701112,,282.5930238329,,2988.828588969,,71.9331615913,,75.5733855624,,-46.0205128205,,-77.9230769231,,156.974,,749.817,,209.916,,31.2598265972,,25.4405506301,,32.9465454372,,17.7485552727,,13.4769056245,,18.7579718418,,256.7376664867,,108.6686575185,
3211water_regimerainfed,3336771,Deb13,Syngenta Debrecen 2013,127605,https://doi.org/10.15454/0LXNCN,Mo15W_H,VIRTUAL_TRIAL,,,,,,,,rainfed,2013,209.6735438591,,316.3981286666,,2670.3193582309,,78.657843697,,81.094631584,,-38.7069892473,,-101.1956521739,,260.24,,692.016,,194.467,,30.5397034504,,24.8771236279,,34.2739206838,,16.7446952482,,12.9782585373,,20.2651428148,,254.5765424479,,113.9212791629,
3086water_regimerainfed,3336652,Deb13,Syngenta Debrecen 2013,127482,https://doi.org/10.15454/BWEN08,F353_H,VIRTUAL_TRIAL,,,,,,,,rainfed,2013,214.0313301605,,315.7756070823,,1715.7965539128,,68.9518125562,,69.5768628585,,-52.3382352941,,-62.6458333333,,129.4,,817.242,,173.051,,31.2611413389,,26.1922039093,,32.5528796156,,18.1542415055,,13.990564645,,18.002011991,,264.1883193747,,101.7172051957,
3022water_regimerainfed,3336592,Deb13,Syngenta Debrecen 2013,127421,https://doi.org/10.15454/RFTVJ3,F1808_H,VIRTUAL_TRIAL,,,,,,,,rainfed,2013,213.5968454399,,320.9676455789,,2686.4035581763,,73.0930342092,,72.983800924,,-49.6044776119,,-72.5434782609,,173.957,,778.423,,152.643,,31.1825710035,,25.7429675066,,32.8267763335,,17.5750344242,,13.6994891988,,18.6851217494,,256.8622144685,,118.6699359326,
3176water_regimerainfed,3336737,Deb13,Syngenta Debrecen 2013,127570,https://doi.org/10.15454/JBNGJT,Lo1026_H,VIRTUAL_TRIAL,,,,,,,,rainfed,2013,214.1148397895,,301.7615294643,,2764.4292591685,,71.6861333971,,74.0527437352,,-47.9722222222,,-74.0466666667,,156.974,,761.378,,189.917,,31.2598265972,,25.5951513086,,32.7999056074,,17.7485552727,,13.5729867829,,18.6225609857,,257.3235559848,,120.0035706869,
3066water_regimerainfed,3336635,Deb13,Syngenta Debrecen 2013,127465,https://doi.org/10.15454/U7YFIU,B106_H,VIRTUAL_TRIAL,,,,,,,,rainfed,2013,213.0754878384,,260.3424619303,,2917.2195801389,,78.8873124901,,79.9097055402,,-41.2830687831,,-93.4791666667,,224.011,,702.344,,175.701,,30.8710195909,,25.0520264544,,33.7518823953,,17.043221026,,13.1239031914,,19.7887336779,,260.9694073902,,112.8103777145,
3161water_regimerainfed,3336724,Deb13,Syngenta Debrecen 2013,127555,https://doi.org/10.15454/DL4JVF,I198_H,VIRTUAL_TRIAL,,,,,,,,rainfed,2013,204.3331917479,,266.2028312857,,3145.8296904273,,79.165865925,,80.3274239834,,-38.7069892473,,-94.487654321,,191.451,,692.016,,194.467,,30.9278346639,,24.8771236279,,33.6262312762,,17.1714112358,,12.9782585373,,19.6683398332,,261.2327801132,,108.0077277549,
3148water_regimerainfed,3336711,Deb13,Syngenta Debrecen 2013,127542,https://doi.org/10.15454/VQ9W36,F888_H,VIRTUAL_TRIAL,,,,,,,,rainfed,2013,212.706608777,,276.0669002234,,1990.7532397173,,72.259625602,,73.7696841626,,-47.9722222222,,-74.0466666667,,156.974,,769.816,,189.917,,31.2598265972,,25.6072967577,,32.7999056074,,17.7485552727,,13.6062539472,,18.6225609857,,266.0404387253,,106.7704384545,
3012water_regimerainfed,3336582,Deb13,Syngenta Debrecen 2013,127411,https://doi.org/10.15454/KIHXDG,B105_H,VIRTUAL_TRIAL,,,,,,,,rainfed,2013,210.2240122498,,313.4619829084,,2752.4708958609,,70.4238145319,,74.0707065702,,-47.9722222222,,-71.5308641975,,129.4,,761.378,,211.637,,31.2611413389,,25.5951513086,,32.8804530733,,18.1542415055,,13.5729867829,,18.4547413894,,259.1677751827,,92.6675170831,
3138water_regimerainfed,3336701,Deb13,Syngenta Debrecen 2013,127532,https://doi.org/10.15454/LT9EBP,F05101_H,VIRTUAL_TRIAL,,,,,,,,rainfed,2013,200.54411141,,325.6352424275,,2369.6083586152,,68.906596445,,69.5884579759,,-52.0869565217,,-64.696969697,,156.974,,818.514,,173.051,,31.2598265972,,26.0258421532,,32.4315689992,,17.7485552727,,13.9427080783,,18.1515588597,,244.1601421157,,96.5259707061,
3076water_regimerainfed,3336642,Deb13,Syngenta Debrecen 2013,127472,https://doi.org/10.15454/SP8JD0,EP51_H,VIRTUAL_TRIAL,,,,,,,,rainfed,2013,188.6061715904,,363.0473161893,,1972.4719736959,,67.2188296829,,70.3817064512,,-50.9852941176,,-69.3181818182,,173.957,,799.048,,214.714,,31.1825710035,,25.8740992503,,32.743451345,,17.5750344242,,13.8006493338,,18.5990646299,,228.4794041069,,88.1740737852,
3121water_regimerainfed,3336685,Deb13,Syngenta Debrecen 2013,127515,https://doi.org/10.15454/BUYPKE,EP2008-22_H,VIRTUAL_TRIAL,,,,,,,,rainfed,2013,192.460524632,,353.576485688,,2158.5142796221,,70.1655745113,,71.8613092301,,-49.6044776119,,-67.0864197531,,115.34,,778.423,,194.592,,31.4124571238,,25.7429675066,,32.8203153665,,18.3254366502,,13.6994891988,,18.348001316,,245.6390864924,,80.0762568507,
3113water_regimerainfed,3336677,Deb13,Syngenta Debrecen 2013,127507,https://doi.org/10.15454/KN2JI5,DKMBST_H,VIRTUAL_TRIAL,,,,,,,,rainfed,2013,213.3612193476,,291.1893764882,,3227.3574558027,,74.1881763742,,75.0725108973,,-46.0205128205,,-82.9057971014,,210.997,,741.379,,189.687,,30.8847788219,,25.4256530029,,33.3128781294,,17.1281171402,,13.4411366835,,19.263797356,,271.9094427002,,100.3495294954,
3251water_regimerainfed,3336811,Deb13,Syngenta Debrecen 2013,127645,https://doi.org/10.15454/HSQIO7,Va26_H,VIRTUAL_TRIAL,,,,,,,,rainfed,2013,214.782964567,,318.0272804054,,2645.4456090703,,71.4168339159,,72.4360788164,,-49.6044776119,,-73.9772727273,,191.451,,786.861,,172.872,,30.9278346639,,25.7527605785,,32.9081506216,,17.1714112358,,13.7304068105,,18.8639909199,,265.2671187364,,108.8560289944,
3147water_regimerainfed,3336710,Deb13,Syngenta Debrecen 2013,127541,https://doi.org/10.15454/LBNZ4P,F874_H,VIRTUAL_TRIAL,,,,,,,,rainfed,2013,195.5232600066,,317.884448783,,1987.03746082,,68.8541886989,,70.1012151683,,-50.9852941176,,-62.9382716049,,101.718,,807.486,,192.517,,31.2788257379,,25.8818499336,,32.7990249503,,18.2238296948,,13.8296527752,,18.3398234411,,241.3006547673,,106.5751867188,
3111water_regimerainfed,3336675,Deb13,Syngenta Debrecen 2013,127505,https://doi.org/10.15454/WUYS9V,DKFAPW_H,VIRTUAL_TRIAL,,,,,,,,rainfed,2013,212.9806175641,,282.1401204006,,2959.0180051691,,70.755296555,,72.3701088232,,-49.6044776119,,-67.0864197531,,114.219,,778.423,,194.592,,31.1304424812,,25.7429675066,,32.8203153665,,18.1036202474,,13.6994891988,,18.348001316,,253.8032495165,,109.8143113953,
3045water_regimerainfed,3336615,Deb13,Syngenta Debrecen 2013,127444,https://doi.org/10.15454/UX5L2C,W23_H,VIRTUAL_TRIAL,,,,,,,,rainfed,2013,223.4260315926,,246.3486796547,,2766.2688018938,,71.3112711837,,74.0371568493,,-47.9722222222,,-71.5308641975,,129.4,,761.378,,211.637,,31.2611413389,,25.5951513086,,32.8804530733,,18.1542415055,,13.5729867829,,18.4547413894,,271.7803933141,,110.6132234295,
3083water_regimerainfed,3336649,Deb13,Syngenta Debrecen 2013,127479,https://doi.org/10.15454/ZUQPG3,PHB09_H,VIRTUAL_TRIAL,,,,,,,,rainfed,2013,209.3129033256,,340.5732929621,,2336.5302991944,,72.9501179567,,73.0845819777,,-49.6044776119,,-72.5434782609,,173.957,,778.423,,152.643,,31.1825710035,,25.7429675066,,32.8267763335,,17.5750344242,,13.6994891988,,18.6851217494,,247.144224536,,106.8461670866,
3239water_regimerainfed,3336799,Deb13,Syngenta Debrecen 2013,127633,https://doi.org/10.15454/HAMEQC,UH_P024_H,VIRTUAL_TRIAL,,,,,,,,rainfed,2013,219.6101441597,,309.7480458549,,2564.8822917691,,66.6236830337,,68.7301802512,,-52.0869565217,,-62.6458333333,,129.4,,818.514,,216.05,,31.2611413389,,26.0258421532,,32.5528796156,,18.1542415055,,13.9427080783,,18.002011991,,269.1586389378,,105.506789117,
3235water_regimerainfed,3336795,Deb13,Syngenta Debrecen 2013,127629,https://doi.org/10.15454/HBOONE,SC-Malawi_H,VIRTUAL_TRIAL,,,,,,,,rainfed,2013,203.9720478539,,319.2526269527,,2553.4520279011,,81.5856620617,,82.3289991545,,-35.9945355191,,-98.4047619048,,191.451,,666.633,,172.393,,30.9278346639,,24.6951161735,,33.6555732155,,17.1714112358,,12.8329073513,,19.6452224332,,257.2064163393,,133.9754315728,
3222water_regimerainfed,3336782,Deb13,Syngenta Debrecen 2013,127616,https://doi.org/10.15454/VZN8H6,FR697_H,VIRTUAL_TRIAL,,,,,,,,rainfed,2013,224.7982775835,,329.2896429256,,2638.2651594352,,75.8599606511,,77.2975174217,,-43.7395833333,,-86.0666666667,,193.022,,721.734,,189.178,,31.1764864615,,25.2453420299,,33.3222498682,,17.4573246566,,13.2968470117,,19.2750147122,,273.9329718702,,112.7526609091,
3205water_regimerainfed,3336765,Deb13,Syngenta Debrecen 2013,127599,https://doi.org/10.15454/OVW4GG,Lo1284_H,VIRTUAL_TRIAL,,,,,,,,rainfed,2013,214.0648205826,,351.0308696881,,2440.3385514566,,72.7546818645,,75.4193624533,,-46.0205128205,,-80.0266666667,,173.957,,749.817,,209.916,,31.1825710035,,25.4405506301,,33.085089337,,17.5750344242,,13.4769056245,,18.9579876852,,260.5505389849,,90.2669709502,
3074water_regimerainfed,3336640,Deb13,Syngenta Debrecen 2013,127470,https://doi.org/10.15454/21XOCO,B108_H,VIRTUAL_TRIAL,,,,,,,,rainfed,2013,218.686938522,,292.117319914,,2677.441746524,,73.1193245564,,73.4851407717,,-47.9722222222,,-81.0666666667,,241.226,,761.378,,169.688,,30.5624190746,,25.5951513086,,33.4920947182,,16.7264830581,,13.5729867829,,19.4654779065,,261.4308160944,,119.1473084793,
3060water_regimerainfed,3336629,Deb13,Syngenta Debrecen 2013,127459,https://doi.org/10.15454/DTTZ23,LH145_H,VIRTUAL_TRIAL,,,,,,,,rainfed,2013,187.6516709789,,285.0952852415,,1677.7090190826,,70.7090402144,,72.3286663525,,-49.6044776119,,-69.2333333333,,144.992,,778.423,,194.592,,31.4047267846,,25.7429675066,,32.7141350104,,18.1398775868,,13.6994891988,,18.3356453428,,233.9355505518,,95.8179649476,
3146water_regimerainfed,3336709,Deb13,Syngenta Debrecen 2013,127540,https://doi.org/10.15454/DU6APM,F752_H,VIRTUAL_TRIAL,,,,,,,,rainfed,2013,200.3107612157,,291.699823562,,2210.8707763782,,75.6715881765,,76.5882797822,,-46.0205128205,,-82.9057971014,,210.997,,741.379,,169.533,,30.8847788219,,25.4256530029,,33.3128781294,,17.1281171402,,13.4411366835,,19.263797356,,253.6774871221,,104.4922466696,
3046water_regimerainfed,3336616,Deb13,Syngenta Debrecen 2013,127445,https://doi.org/10.15454/HWCPGC,Mo17_H,VIRTUAL_TRIAL,,,,,,,,rainfed,2013,229.5955461802,,339.1296679894,,2884.3027241011,,75.9936684447,,77.576701985,,-43.7395833333,,-84.3333333333,,173.957,,730.172,,189.178,,31.1825710035,,25.2632428663,,33.2343380269,,17.5750344242,,13.3353860853,,19.1009756848,,280.9991470768,,122.6730899968,
3139water_regimerainfed,3336702,Deb13,Syngenta Debrecen 2013,127533,https://doi.org/10.15454/PQQBMH,F05404_H,VIRTUAL_TRIAL,,,,,,,,rainfed,2013,197.024670788,,299.6385776843,,2435.3140663997,,73.7612627668,,72.9661345225,,-49.6044776119,,-73.9772727273,,191.451,,778.423,,152.643,,30.9278346639,,25.7429675066,,32.9081506216,,17.1714112358,,13.6994891988,,18.8639909199,,239.118934537,,94.8283081249,
3140water_regimerainfed,3336703,Deb13,Syngenta Debrecen 2013,127534,https://doi.org/10.15454/AIXVTG,F608_H,VIRTUAL_TRIAL,,,,,,,,rainfed,2013,207.16221875,,265.7975704225,,2339.9836275474,,73.2653163659,,75.4768450168,,-46.0205128205,,-77.9230769231,,156.974,,749.817,,189.687,,31.2598265972,,25.4405506301,,32.9465454372,,17.7485552727,,13.4769056245,,18.7579718418,,252.2336836888,,101.3832648781,
3053water_regimerainfed,3336622,Deb13,Syngenta Debrecen 2013,127452,https://doi.org/10.15454/XH5MEH,B107_H,VIRTUAL_TRIAL,,,,,,,,rainfed,2013,206.3853353457,,339.4105207983,,2561.563609907,,72.7075464728,,73.8153349106,,-47.9722222222,,-81.0666666667,,243.056,,761.378,,189.917,,30.8067866598,,25.5951513086,,33.4920947182,,17.02651343,,13.5729867829,,19.4654779065,,251.5217282582,,105.0661457135,
3010water_regimerainfed,3336580,Deb13,Syngenta Debrecen 2013,127409,https://doi.org/10.15454/WBSYN7,F894_H,VIRTUAL_TRIAL,,,,,,,,rainfed,2013,233.5562761904,,298.9583641763,,2697.4086624547,,75.4495544912,,75.4028236022,,-46.0205128205,,-85.5317460317,,241.226,,749.817,,169.533,,30.5624190746,,25.4405506301,,33.640687407,,16.7264830581,,13.4769056245,,19.5929905416,,275.2605764242,,118.5973698208,
3097water_regimerainfed,3336661,Deb13,Syngenta Debrecen 2013,127491,https://doi.org/10.15454/JQK4DZ,DK4676A_H,VIRTUAL_TRIAL,,,,,,,,rainfed,2013,201.8062918128,,348.9701110502,,2043.2480973384,,68.1308043086,,68.3749935156,,-52.8880952381,,-62.626984127,,156.974,,839.026,,174.736,,31.2598265972,,26.1510219445,,32.3193376398,,17.7485552727,,14.0344531752,,18.0461633357,,254.0318710589,,98.6486526666,
3186water_regimerainfed,3336747,Deb13,Syngenta Debrecen 2013,127580,https://doi.org/10.15454/QHEMLY,Lo1123_H,VIRTUAL_TRIAL,,,,,,,,rainfed,2013,219.7161359229,,335.7775397002,,1879.7398014563,,72.4492503783,,70.5538750879,,-50.9852941176,,-69.3181818182,,173.957,,799.048,,152.247,,31.1825710035,,25.8740992503,,32.743451345,,17.5750344242,,13.8006493338,,18.5990646299,,272.1167385534,,111.0253235246,
3155water_regimerainfed,3336718,Deb13,Syngenta Debrecen 2013,127549,https://doi.org/10.15454/B39W9G,H99_H,VIRTUAL_TRIAL,,,,,,,,rainfed,2013,200.028425677,,306.6735932539,,2579.0639967326,,71.3485271274,,74.1105679981,,-47.9722222222,,-72.6217948718,,144.992,,761.378,,189.917,,31.4047267846,,25.5951513086,,32.8212389167,,18.1398775868,,13.5729867829,,18.4784531623,,247.4496174894,,88.5134783809,
3014water_regimerainfed,3336584,Deb13,Syngenta Debrecen 2013,127413,https://doi.org/10.15454/JBBAWF,EP52_H,VIRTUAL_TRIAL,,,,,,,,rainfed,2013,204.6353955692,,314.3456536943,,2638.8486778928,,74.6993490214,,75.3299877794,,-46.0205128205,,-75.2202380952,,129.4,,741.379,,169.533,,31.2611413389,,25.4256530029,,33.0137419343,,18.1542415055,,13.4411366835,,18.5864735984,,252.7867620223,,112.5612822959,
3142water_regimerainfed,3336705,Deb13,Syngenta Debrecen 2013,127536,https://doi.org/10.15454/ML81EC,F7019_H,VIRTUAL_TRIAL,,,,,,,,rainfed,2013,218.5044494173,,310.3705967431,,2022.4837782152,,70.2408323087,,70.5449585525,,-50.9852941176,,-66.1388888889,,144.992,,799.048,,173.967,,31.4047267846,,25.8740992503,,32.6330603825,,18.1398775868,,13.8006493338,,18.242198133,,259.2433215479,,112.0513582671,
3223water_regimerainfed,3336783,Deb13,Syngenta Debrecen 2013,127617,https://doi.org/10.15454/7TOVKA,PHG35_H,VIRTUAL_TRIAL,,,,,,,,rainfed,2013,213.5013793903,,323.6479437811,,2834.7456813556,,73.8602274167,,73.8391175032,,-47.9722222222,,-78.7272727273,,210.997,,761.378,,169.688,,30.8847788219,,25.5951513086,,33.1628934452,,17.1281171402,,13.5729867829,,19.132913452,,283.2022434531,,115.2760633927,
3017water_regimerainfed,3336587,Deb13,Syngenta Debrecen 2013,127416,https://doi.org/10.15454/O8CNHP,A374_H,VIRTUAL_TRIAL,,,,,,,,rainfed,2013,216.8579903807,,247.9330937714,,3001.6602520637,,72.2205067373,,73.9892394498,,-47.9722222222,,-78.7272727273,,210.997,,769.816,,189.917,,30.8847788219,,25.6072967577,,33.1628934452,,17.1281171402,,13.6062539472,,19.132913452,,260.7450192819,,114.5754183589,
3167water_regimerainfed,3336728,Deb13,Syngenta Debrecen 2013,127561,https://doi.org/10.15454/GILEFF,I261_H,VIRTUAL_TRIAL,,,,,,,,rainfed,2013,210.8319478842,,268.01384126,,2545.7904391987,,74.7114867898,,76.1304491709,,-46.0205128205,,-77.9230769231,,156.974,,749.817,,169.533,,31.2598265972,,25.4405506301,,32.9465454372,,17.7485552727,,13.4769056245,,18.7579718418,,262.4524396617,,116.2738870199,
