,observationunitname,observationunitdbid,studydbid,germplasmdbid,germplasmpui,germplasmname,studyname,observationlevel,replicate,replicate.1,plot,plant,x,y,observationlevels,water_regime,GN,KW,MFLW_D20deg,FFLW_D20deg,GY_Adj_tha,plant_height,tassel_height,ear_height,ASI_D20deg,season
0,233901,3341750,Deb11,127400,https://doi.org/10.15454/P5UIAJ,B73_H,Syngenta Debrecen 2011,REPLICATE>BLOCK>PLOT,,,233901.0,,12.0,2.0,"REPLICATE>BLOCK>PLOT:233901,REPLICATE>BLOCK:1,REPLICATE:3",rainfed,1900.7686932215,246.6058823529,"61,881359114","63,4495521759",4.6874074074,238,281,130,"-1,56819306190",2011
1,223901,3341713,Deb11,127400,https://doi.org/10.15454/P5UIAJ,B73_H,Syngenta Debrecen 2011,REPLICATE>BLOCK>PLOT,,,223901.0,,6.0,6.0,"REPLICATE>BLOCK>PLOT:223901,REPLICATE>BLOCK:1,REPLICATE:2",rainfed,3025.0584767719,272.9255294118,"61,881359114","63,4495521759",8.2561568627,262,325,135,"-1,56819306190",2011
2,213901,3341688,Deb11,127400,https://doi.org/10.15454/P5UIAJ,B73_H,Syngenta Debrecen 2011,REPLICATE>BLOCK>PLOT,,,213901.0,,3.0,6.0,"REPLICATE>BLOCK>PLOT:213901,REPLICATE>BLOCK:3,REPLICATE:1",rainfed,2908.5169445497,259.8757470588,"61,881359114","63,4495521759",7.558530138,254,301,135,"-1,56819306190",2011
3,123901,3341659,Deb11,127400,https://doi.org/10.15454/P5UIAJ,B73_H,Syngenta Debrecen 2011,REPLICATE>BLOCK>PLOT,,,123901.0,,11.0,2.0,"REPLICATE>BLOCK>PLOT:123901,REPLICATE>BLOCK:5,REPLICATE:2",watered,3698.8589567785,274.6050882353,"61,881359114","63,4495521759",10.157254902,262,310,145,"-1,56819306190",2011
4,113901,3341605,Deb11,127400,https://doi.org/10.15454/P5UIAJ,B73_H,Syngenta Debrecen 2011,REPLICATE>BLOCK>PLOT,,,113901.0,,3.0,5.0,"REPLICATE>BLOCK>PLOT:113901,REPLICATE>BLOCK:3,REPLICATE:1",watered,3322.5484482493,258.4970117647,"61,881359114","63,4495521759",8.5886884532,242,285,132,"-1,56819306190",2011
5,233001,3341775,Deb11,127400,https://doi.org/10.15454/P5UIAJ,B73_H,Syngenta Debrecen 2011,REPLICATE>BLOCK>PLOT,,,233001.0,,15.0,5.0,"REPLICATE>BLOCK>PLOT:233001,REPLICATE>BLOCK:4,REPLICATE:3",rainfed,2499.6072045821,240.3863529412,"64,9999630852","64,9999630852",6.0087145969,239,291,125,"0,00000000000",2011
6,223001,3341736,Deb11,127400,https://doi.org/10.15454/P5UIAJ,B73_H,Syngenta Debrecen 2011,REPLICATE>BLOCK>PLOT,,,223001.0,,10.0,3.0,"REPLICATE>BLOCK>PLOT:223001,REPLICATE>BLOCK:4,REPLICATE:2",rainfed,2957.1259654115,267.9205941176,"63,4495521759","63,4495521759",7.9227494553,260,310,135,"0,00000000000",2011
7,213001,3341692,Deb11,127400,https://doi.org/10.15454/P5UIAJ,B73_H,Syngenta Debrecen 2011,REPLICATE>BLOCK>PLOT,,,213001.0,,4.0,6.0,"REPLICATE>BLOCK>PLOT:213001,REPLICATE>BLOCK:4,REPLICATE:1",rainfed,2580.5095876018,274.0514705882,"63,4495521759","64,9999630852",7.0719244735,242,298,120,"-1,55041090930",2011
8,123001,3341633,Deb11,127400,https://doi.org/10.15454/P5UIAJ,B73_H,Syngenta Debrecen 2011,REPLICATE>BLOCK>PLOT,,,123001.0,,7.0,7.0,"REPLICATE>BLOCK>PLOT:123001,REPLICATE>BLOCK:2,REPLICATE:2",watered,2563.1318076389,265.5765764706,"63,4495521759","64,9999630852",6.8070777052,238,289,130,"-1,55041090930",2011
9,113001,3341596,Deb11,127400,https://doi.org/10.15454/P5UIAJ,B73_H,Syngenta Debrecen 2011,REPLICATE>BLOCK>PLOT,,,113001.0,,2.0,4.0,"REPLICATE>BLOCK>PLOT:113001,REPLICATE>BLOCK:2,REPLICATE:1",watered,2223.2383274907,282.7376470588,"63,4495521759","64,9999630852",6.2859317357,250,295,126,"-1,55041090930",2011
10,3001water_regimerainfed,3336047,Deb11,127400,https://doi.org/10.15454/P5UIAJ,B73_H,Syngenta Debrecen 2011,VIRTUAL_TRIAL,,,,,,,,rainfed,279.0051614799,63.8020634196,64.2915524251,,2876.0150245644,,,,,2011
11,3001water_regimewatered,3336015,Deb11,127400,https://doi.org/10.15454/P5UIAJ,B73_H,Syngenta Debrecen 2011,VIRTUAL_TRIAL,,,,,,,,watered,298.0495385511,63.8437096187,64.8674658583,,2459.6486312587,,,,,2011
12,233002,3341755,Deb11,127401,https://doi.org/10.15454/AQWE02,PH207_H,Syngenta Debrecen 2011,REPLICATE>BLOCK>PLOT,,,233002.0,,12.0,7.0,"REPLICATE>BLOCK>PLOT:233002,REPLICATE>BLOCK:1,REPLICATE:3",rainfed,1672.5729398606,284.4473235294,"60,1910323298","61,881359114",4.7575889615,221,275,122,"-1,69032678420",2011
13,223002,3341712,Deb11,127401,https://doi.org/10.15454/AQWE02,PH207_H,Syngenta Debrecen 2011,REPLICATE>BLOCK>PLOT,,,223002.0,,6.0,5.0,"REPLICATE>BLOCK>PLOT:223002,REPLICATE>BLOCK:1,REPLICATE:2",rainfed,1831.8643488925,303.7667882353,"60,1910323298","61,881359114",5.5645954975,237,285,118,"-1,69032678420",2011
14,213002,3341672,Deb11,127401,https://doi.org/10.15454/AQWE02,PH207_H,Syngenta Debrecen 2011,REPLICATE>BLOCK>PLOT,,,213002.0,,1.0,6.0,"REPLICATE>BLOCK>PLOT:213002,REPLICATE>BLOCK:1,REPLICATE:1",rainfed,1840.3261949839,315.2462823529,"60,1910323298","61,881359114",5.8015599129,233,285,108,"-1,69032678420",2011
15,123002,3341654,Deb11,127401,https://doi.org/10.15454/AQWE02,PH207_H,Syngenta Debrecen 2011,REPLICATE>BLOCK>PLOT,,,123002.0,,10.0,3.0,"REPLICATE>BLOCK>PLOT:123002,REPLICATE>BLOCK:4,REPLICATE:2",watered,1683.7872647881,289.4791764706,"58,5168999101","63,4495521759",4.8742135076,244,293,130,"-4,93265226580",2011
16,113002,3341612,Deb11,127401,https://doi.org/10.15454/AQWE02,PH207_H,Syngenta Debrecen 2011,REPLICATE>BLOCK>PLOT,,,113002.0,,4.0,4.0,"REPLICATE>BLOCK>PLOT:113002,REPLICATE>BLOCK:4,REPLICATE:1",watered,1502.6326696025,292.9949352941,"60,1910323298","61,881359114",4.402637618,223,275,105,"-1,69032678420",2011
17,233902,3341768,Deb11,127401,https://doi.org/10.15454/AQWE02,PH207_H,Syngenta Debrecen 2011,REPLICATE>BLOCK>PLOT,,,233902.0,,14.0,4.0,"REPLICATE>BLOCK>PLOT:233902,REPLICATE>BLOCK:3,REPLICATE:3",rainfed,1189.2064192627,303.6993529412,"60,1910323298","61,881359114",3.6116122004,220,272,103,"-1,69032678420",2011
18,223902,3341745,Deb11,127401,https://doi.org/10.15454/AQWE02,PH207_H,Syngenta Debrecen 2011,REPLICATE>BLOCK>PLOT,,,223902.0,,11.0,6.0,"REPLICATE>BLOCK>PLOT:223902,REPLICATE>BLOCK:5,REPLICATE:2",rainfed,2018.6853520187,283.7421176471,"60,1910323298","61,881359114",5.7278605664,239,285,125,"-1,69032678420",2011
19,213902,3341679,Deb11,127401,https://doi.org/10.15454/AQWE02,PH207_H,Syngenta Debrecen 2011,REPLICATE>BLOCK>PLOT,,,213902.0,,2.0,3.0,"REPLICATE>BLOCK>PLOT:213902,REPLICATE>BLOCK:2,REPLICATE:1",rainfed,1990.2850442888,302.8206176471,"60,1910323298","61,881359114",6.0269934641,228,280,111,"-1,69032678420",2011
20,123902,3341629,Deb11,127401,https://doi.org/10.15454/AQWE02,PH207_H,Syngenta Debrecen 2011,REPLICATE>BLOCK>PLOT,,,123902.0,,6.0,4.0,"REPLICATE>BLOCK>PLOT:123902,REPLICATE>BLOCK:1,REPLICATE:2",watered,1434.3527483223,292.4251470588,"58,5168999101","61,881359114",4.1944081336,234,285,120,"-3,36445920390",2011
21,113902,3341597,Deb11,127401,https://doi.org/10.15454/AQWE02,PH207_H,Syngenta Debrecen 2011,REPLICATE>BLOCK>PLOT,,,113902.0,,2.0,3.0,"REPLICATE>BLOCK>PLOT:113902,REPLICATE>BLOCK:2,REPLICATE:1",watered,1523.8560893126,295.5497647059,"60,1910323298","63,4495521759",4.5037530864,230,285,120,"-3,25851984610",2011
22,3002water_regimerainfed,3336048,Deb11,127401,https://doi.org/10.15454/AQWE02,PH207_H,Syngenta Debrecen 2011,VIRTUAL_TRIAL,,,,,,,,rainfed,313.0927728034,59.6857897732,61.9226613925,,1807.5563980208,,,,,2011
23,3002water_regimewatered,3336016,Deb11,127401,https://doi.org/10.15454/AQWE02,PH207_H,Syngenta Debrecen 2011,VIRTUAL_TRIAL,,,,,,,,watered,306.258745598,59.7541682773,62.5879217195,,1608.0679662951,,,,,2011
24,233003,3341761,Deb11,127402,https://doi.org/10.15454/5GN11W,Oh43_H,Syngenta Debrecen 2011,REPLICATE>BLOCK>PLOT,,,233003.0,,13.0,3.0,"REPLICATE>BLOCK>PLOT:233003,REPLICATE>BLOCK:2,REPLICATE:3",rainfed,1503.2303460628,285.6218352941,"66,5907437168","69,8447541458",4.2935541031,250,298,120,"-3,25401042900",2011
25,223003,3341719,Deb11,127402,https://doi.org/10.15454/5GN11W,Oh43_H,Syngenta Debrecen 2011,REPLICATE>BLOCK>PLOT,,,223003.0,,7.0,4.0,"REPLICATE>BLOCK>PLOT:223003,REPLICATE>BLOCK:2,REPLICATE:2",rainfed,3058.1410380712,278.7431529412,"63,4495521759","64,9999630852",8.5243587509,253,300,120,"-1,55041090930",2011
26,213003,3341676,Deb11,127402,https://doi.org/10.15454/5GN11W,Oh43_H,Syngenta Debrecen 2011,REPLICATE>BLOCK>PLOT,,,213003.0,,2.0,6.0,"REPLICATE>BLOCK>PLOT:213003,REPLICATE>BLOCK:2,REPLICATE:1",rainfed,2426.6198188659,284.1175058824,"60,1910323298","63,4495521759",6.8944517066,238,280,122,"-3,25851984610",2011
27,123003,3341627,Deb11,127402,https://doi.org/10.15454/5GN11W,Oh43_H,Syngenta Debrecen 2011,REPLICATE>BLOCK>PLOT,,,123003.0,,6.0,2.0,"REPLICATE>BLOCK>PLOT:123003,REPLICATE>BLOCK:1,REPLICATE:2",watered,2674.8017269833,298.5795529412,"63,4495521759","64,9999630852",7.9864110385,253,300,145,"-1,55041090930",2011
28,113003,3341588,Deb11,127402,https://doi.org/10.15454/5GN11W,Oh43_H,Syngenta Debrecen 2011,REPLICATE>BLOCK>PLOT,,,113003.0,,1.0,4.0,"REPLICATE>BLOCK>PLOT:113003,REPLICATE>BLOCK:1,REPLICATE:1",watered,2365.1507273858,280.4177352941,"61,881359114","64,9999630852",6.632302106,250,300,123,"-3,11860397120",2011
29,3003water_regimerainfed,3336049,Deb11,127402,https://doi.org/10.15454/5GN11W,Oh43_H,Syngenta Debrecen 2011,VIRTUAL_TRIAL,,,,,,,,rainfed,310.8065879677,63.0623198196,65.6563848133,,2430.5923375473,,,,,2011
30,3003water_regimewatered,3336017,Deb11,127402,https://doi.org/10.15454/5GN11W,Oh43_H,Syngenta Debrecen 2011,VIRTUAL_TRIAL,,,,,,,,watered,308.8229621638,62.6753185697,65.5166633403,,2492.5516303557,,,,,2011
31,233004,3341782,Deb11,127403,https://doi.org/10.15454/EW2AP2,W64A_H,Syngenta Debrecen 2011,REPLICATE>BLOCK>PLOT,,,233004.0,,16.0,2.0,"REPLICATE>BLOCK>PLOT:233004,REPLICATE>BLOCK:5,REPLICATE:3",rainfed,1977.6451003217,279.2947882353,"63,4495521759","64,9999630852",5.523459695,220,272,105,"-1,55041090930",2011
32,223004,3341741,Deb11,127403,https://doi.org/10.15454/EW2AP2,W64A_H,Syngenta Debrecen 2011,REPLICATE>BLOCK>PLOT,,,223004.0,,11.0,2.0,"REPLICATE>BLOCK>PLOT:223004,REPLICATE>BLOCK:5,REPLICATE:2",rainfed,1919.589581555,273.1896,"63,4495521759","64,9999630852",5.2441190995,234,283,115,"-1,55041090930",2011
33,213004,3341700,Deb11,127403,https://doi.org/10.15454/EW2AP2,W64A_H,Syngenta Debrecen 2011,REPLICATE>BLOCK>PLOT,,,213004.0,,5.0,2.0,"REPLICATE>BLOCK>PLOT:213004,REPLICATE>BLOCK:5,REPLICATE:1",rainfed,2620.050724182,275.5827058824,"61,881359114","64,9999630852",7.2204066812,231,285,123,"-3,11860397120",2011
34,123004,3341660,Deb11,127403,https://doi.org/10.15454/EW2AP2,W64A_H,Syngenta Debrecen 2011,REPLICATE>BLOCK>PLOT,,,123004.0,,11.0,3.0,"REPLICATE>BLOCK>PLOT:123004,REPLICATE>BLOCK:5,REPLICATE:2",watered,2720.5146651452,280.4732235294,"61,881359114","63,4495521759",7.6303151779,242,290,140,"-1,56819306190",2011
35,113004,3341623,Deb11,127403,https://doi.org/10.15454/EW2AP2,W64A_H,Syngenta Debrecen 2011,REPLICATE>BLOCK>PLOT,,,113004.0,,5.0,7.0,"REPLICATE>BLOCK>PLOT:113004,REPLICATE>BLOCK:5,REPLICATE:1",watered,2442.9900891405,284.5657411765,"61,881359114","63,4495521759",6.951912854,232,285,130,"-1,56819306190",2011
36,3004water_regimerainfed,3336050,Deb11,127403,https://doi.org/10.15454/EW2AP2,W64A_H,Syngenta Debrecen 2011,VIRTUAL_TRIAL,,,,,,,,rainfed,298.3243202722,62.8446980411,64.9637299733,,2424.5377079086,,,,,2011
37,3004water_regimewatered,3336018,Deb11,127403,https://doi.org/10.15454/EW2AP2,W64A_H,Syngenta Debrecen 2011,VIRTUAL_TRIAL,,,,,,,,watered,309.1382239832,61.9417378348,63.6151846532,,2581.5461848072,,,,,2011
38,233005,3341767,Deb11,127404,https://doi.org/10.15454/YLEAQG,Oh33_H,Syngenta Debrecen 2011,REPLICATE>BLOCK>PLOT,,,233005.0,,14.0,3.0,"REPLICATE>BLOCK>PLOT:233005,REPLICATE>BLOCK:3,REPLICATE:3",rainfed,1118.6610095597,290.7622058824,"63,4495521759","64,9999630852",3.2526434277,222,270,132,"-1,55041090930",2011
39,223005,3341727,Deb11,127404,https://doi.org/10.15454/YLEAQG,Oh33_H,Syngenta Debrecen 2011,REPLICATE>BLOCK>PLOT,,,223005.0,,9.0,4.0,"REPLICATE>BLOCK>PLOT:223005,REPLICATE>BLOCK:3,REPLICATE:2",rainfed,2009.0509170115,289.0499411765,"63,4495521759","64,9999630852",5.8071604938,252,305,135,"-1,55041090930",2011
40,213005,3341684,Deb11,127404,https://doi.org/10.15454/YLEAQG,Oh33_H,Syngenta Debrecen 2011,REPLICATE>BLOCK>PLOT,,,213005.0,,3.0,2.0,"REPLICATE>BLOCK>PLOT:213005,REPLICATE>BLOCK:3,REPLICATE:1",rainfed,1624.4314489929,279.8977176471,"64,9999630852","66,5907437168",4.5467465505,254,304,120,"-1,59078063160",2011
41,123005,3341644,Deb11,127404,https://doi.org/10.15454/YLEAQG,Oh33_H,Syngenta Debrecen 2011,REPLICATE>BLOCK>PLOT,,,123005.0,,8.0,3.0,"REPLICATE>BLOCK>PLOT:123005,REPLICATE>BLOCK:3,REPLICATE:2",watered,2233.2767182021,267.2175176471,"63,4495521759","64,9999630852",5.9677066086,252,304,128,"-1,55041090930",2011
42,113005,3341607,Deb11,127404,https://doi.org/10.15454/YLEAQG,Oh33_H,Syngenta Debrecen 2011,REPLICATE>BLOCK>PLOT,,,113005.0,,3.0,7.0,"REPLICATE>BLOCK>PLOT:113005,REPLICATE>BLOCK:3,REPLICATE:1",watered,1609.0393049309,266.3115411765,"66,5907437168","66,5907437168",4.2850573711,237,285,138,"0,00000000000",2011
43,3005water_regimerainfed,3336051,Deb11,127404,https://doi.org/10.15454/YLEAQG,Oh33_H,Syngenta Debrecen 2011,VIRTUAL_TRIAL,,,,,,,,rainfed,292.8022234945,64.5807975157,65.7276402114,,1749.7208167338,,,,,2011
44,3005water_regimewatered,3336019,Deb11,127404,https://doi.org/10.15454/YLEAQG,Oh33_H,Syngenta Debrecen 2011,VIRTUAL_TRIAL,,,,,,,,watered,281.6969715531,65.0201310051,65.8393407473,,1894.4553198018,,,,,2011
45,233006,3341771,Deb11,127405,https://doi.org/10.15454/FLE1RA,EZ47_H,Syngenta Debrecen 2011,REPLICATE>BLOCK>PLOT,,,233006.0,,14.0,7.0,"REPLICATE>BLOCK>PLOT:233006,REPLICATE>BLOCK:3,REPLICATE:3",rainfed,2208.238105674,274.7343529412,"63,4495521759","66,5907437168",6.066788671,248,290,145,"-3,14119154090",2011
46,223006,3341742,Deb11,127405,https://doi.org/10.15454/FLE1RA,EZ47_H,Syngenta Debrecen 2011,REPLICATE>BLOCK>PLOT,,,223006.0,,11.0,3.0,"REPLICATE>BLOCK>PLOT:223006,REPLICATE>BLOCK:5,REPLICATE:2",rainfed,1904.3250418743,247.4536823529,"64,9999630852","64,9999630852",4.7123224401,238,287,140,"0,00000000000",2011
47,213006,3341703,Deb11,127405,https://doi.org/10.15454/FLE1RA,EZ47_H,Syngenta Debrecen 2011,REPLICATE>BLOCK>PLOT,,,213006.0,,5.0,5.0,"REPLICATE>BLOCK>PLOT:213006,REPLICATE>BLOCK:5,REPLICATE:1",rainfed,2058.9432354138,281.1172,"63,4495521759","64,9999630852",5.788043573,248,292,115,"-1,55041090930",2011
48,123006,3341645,Deb11,127405,https://doi.org/10.15454/FLE1RA,EZ47_H,Syngenta Debrecen 2011,REPLICATE>BLOCK>PLOT,,,123006.0,,8.0,4.0,"REPLICATE>BLOCK>PLOT:123006,REPLICATE>BLOCK:3,REPLICATE:2",watered,2333.4783758649,267.2694117647,"61,881359114","63,4495521759",6.2366739288,247,293,120,"-1,56819306190",2011
49,113006,3341599,Deb11,127405,https://doi.org/10.15454/FLE1RA,EZ47_H,Syngenta Debrecen 2011,REPLICATE>BLOCK>PLOT,,,113006.0,,2.0,1.0,"REPLICATE>BLOCK>PLOT:113006,REPLICATE>BLOCK:2,REPLICATE:1",watered,1911.9906267994,258.5411470588,"61,881359114","63,4495521759",4.9432824982,243,288,142,"-1,56819306190",2011
50,3006water_regimerainfed,3336052,Deb11,127405,https://doi.org/10.15454/FLE1RA,EZ47_H,Syngenta Debrecen 2011,VIRTUAL_TRIAL,,,,,,,,rainfed,291.8997310399,63.8138429631,65.4835072545,,2140.908273506,,,,,2011
51,3006water_regimewatered,3336020,Deb11,127405,https://doi.org/10.15454/FLE1RA,EZ47_H,Syngenta Debrecen 2011,VIRTUAL_TRIAL,,,,,,,,watered,281.8942481048,61.9740354951,63.3566458989,,2124.5205173013,,,,,2011
52,223907,3341720,Deb11,127406,https://doi.org/10.15454/NPJBWJ,MS153_H,Syngenta Debrecen 2011,REPLICATE>BLOCK>PLOT,,,223907.0,,7.0,3.0,"REPLICATE>BLOCK>PLOT:223907,REPLICATE>BLOCK:2,REPLICATE:2",rainfed,2295.9513646359,330.0176941176,"60,1910323298","61,881359114",7.5770457516,240,295,148,"-1,69032678420",2011
53,113907,3341620,Deb11,127406,https://doi.org/10.15454/NPJBWJ,MS153_H,Syngenta Debrecen 2011,REPLICATE>BLOCK>PLOT,,,113907.0,,5.0,4.0,"REPLICATE>BLOCK>PLOT:113907,REPLICATE>BLOCK:5,REPLICATE:1",watered,1849.6367180578,321.6141176471,"60,1910323298","63,4495521759",5.9486928105,243,295,135,"-3,25851984610",2011
54,233007,3341776,Deb11,127406,https://doi.org/10.15454/NPJBWJ,MS153_H,Syngenta Debrecen 2011,REPLICATE>BLOCK>PLOT,,,233007.0,,15.0,4.0,"REPLICATE>BLOCK>PLOT:233007,REPLICATE>BLOCK:4,REPLICATE:3",rainfed,1556.5627432129,309.7423058824,"63,4495521759","64,9999630852",4.8213333333,235,292,135,"-1,55041090930",2011
55,223007,3341728,Deb11,127406,https://doi.org/10.15454/NPJBWJ,MS153_H,Syngenta Debrecen 2011,REPLICATE>BLOCK>PLOT,,,223007.0,,9.0,5.0,"REPLICATE>BLOCK>PLOT:223007,REPLICATE>BLOCK:3,REPLICATE:2",rainfed,2038.4157600254,338.0539764706,"61,881359114","63,4495521759",6.8909455338,242,300,145,"-1,56819306190",2011
56,213007,3341687,Deb11,127406,https://doi.org/10.15454/NPJBWJ,MS153_H,Syngenta Debrecen 2011,REPLICATE>BLOCK>PLOT,,,213007.0,,3.0,5.0,"REPLICATE>BLOCK>PLOT:213007,REPLICATE>BLOCK:3,REPLICATE:1",rainfed,2164.2954899901,331.6860705882,"61,881359114","63,4495521759",7.1786666667,250,302,150,"-1,56819306190",2011
57,123007,3341637,Deb11,127406,https://doi.org/10.15454/NPJBWJ,MS153_H,Syngenta Debrecen 2011,REPLICATE>BLOCK>PLOT,,,123007.0,,7.0,4.0,"REPLICATE>BLOCK>PLOT:123007,REPLICATE>BLOCK:2,REPLICATE:2",watered,1830.649415123,346.0088588235,"60,1910323298","61,881359114",6.3342091503,246,300,133,"-1,69032678420",2011
58,113007,3341611,Deb11,127406,https://doi.org/10.15454/NPJBWJ,MS153_H,Syngenta Debrecen 2011,REPLICATE>BLOCK>PLOT,,,113007.0,,4.0,5.0,"REPLICATE>BLOCK>PLOT:113007,REPLICATE>BLOCK:4,REPLICATE:1",watered,2150.5493527464,323.2173411765,"60,1910323298","63,4495521759",6.9509484386,227,275,130,"-3,25851984610",2011
59,3007water_regimerainfed,3336053,Deb11,127406,https://doi.org/10.15454/NPJBWJ,MS153_H,Syngenta Debrecen 2011,VIRTUAL_TRIAL,,,,,,,,rainfed,340.9281337646,61.7181436504,63.7188776921,,2025.3278883972,,,,,2011
60,3007water_regimewatered,3336021,Deb11,127406,https://doi.org/10.15454/NPJBWJ,MS153_H,Syngenta Debrecen 2011,VIRTUAL_TRIAL,,,,,,,,watered,344.5225570209,60.556450342,62.4840132578,,1992.1219231814,,,,,2011
61,233008,3341752,Deb11,127407,https://doi.org/10.15454/GAHOFA,A310_H,Syngenta Debrecen 2011,REPLICATE>BLOCK>PLOT,,,233008.0,,12.0,4.0,"REPLICATE>BLOCK>PLOT:233008,REPLICATE>BLOCK:1,REPLICATE:3",rainfed,1833.1274685668,283.4325,"63,4495521759","64,9999630852",5.1956790123,245,283,130,"-1,55041090930",2011
62,223008,3341734,Deb11,127407,https://doi.org/10.15454/GAHOFA,A310_H,Syngenta Debrecen 2011,REPLICATE>BLOCK>PLOT,,,223008.0,,10.0,5.0,"REPLICATE>BLOCK>PLOT:223008,REPLICATE>BLOCK:4,REPLICATE:2",rainfed,2091.0223605756,294.9583764706,"61,881359114","63,4495521759",6.1676456064,238,280,147,"-1,56819306190",2011
63,213008,3341697,Deb11,127407,https://doi.org/10.15454/GAHOFA,A310_H,Syngenta Debrecen 2011,REPLICATE>BLOCK>PLOT,,,213008.0,,4.0,1.0,"REPLICATE>BLOCK>PLOT:213008,REPLICATE>BLOCK:4,REPLICATE:1",rainfed,2389.3648804753,305.7506,"61,881359114","63,4495521759",7.3054974582,248,295,132,"-1,56819306190",2011
64,123008,3341649,Deb11,127407,https://doi.org/10.15454/GAHOFA,A310_H,Syngenta Debrecen 2011,REPLICATE>BLOCK>PLOT,,,123008.0,,10.0,7.0,"REPLICATE>BLOCK>PLOT:123008,REPLICATE>BLOCK:4,REPLICATE:2",watered,1708.1036139768,285.8699941176,"60,1910323298","63,4495521759",4.8829557008,228,282,133,"-3,25851984610",2011
65,113008,3341591,Deb11,127407,https://doi.org/10.15454/GAHOFA,A310_H,Syngenta Debrecen 2011,REPLICATE>BLOCK>PLOT,,,113008.0,,1.0,7.0,"REPLICATE>BLOCK>PLOT:113008,REPLICATE>BLOCK:1,REPLICATE:1",watered,2169.6361262802,291.1659588235,"60,1910323298","63,4495521759",6.3172418301,225,270,155,"-3,25851984610",2011
66,3008water_regimerainfed,3336054,Deb11,127407,https://doi.org/10.15454/GAHOFA,A310_H,Syngenta Debrecen 2011,VIRTUAL_TRIAL,,,,,,,,rainfed,315.5574521065,62.4589330498,64.2041140167,,2057.822839709,,,,,2011
67,3008water_regimewatered,3336022,Deb11,127407,https://doi.org/10.15454/GAHOFA,A310_H,Syngenta Debrecen 2011,VIRTUAL_TRIAL,,,,,,,,watered,308.8689892421,60.0797505363,63.41733592,,2039.9927081162,,,,,2011
68,233009,3341760,Deb11,127408,https://doi.org/10.15454/MN1MDA,B84_H,Syngenta Debrecen 2011,REPLICATE>BLOCK>PLOT,,,233009.0,,13.0,4.0,"REPLICATE>BLOCK>PLOT:233009,REPLICATE>BLOCK:2,REPLICATE:3",rainfed,2163.3783316026,282.2584470588,"66,5907437168","69,8447541458",6.1063180828,245,293,132,"-3,25401042900",2011
69,223009,3341714,Deb11,127408,https://doi.org/10.15454/MN1MDA,B84_H,Syngenta Debrecen 2011,REPLICATE>BLOCK>PLOT,,,223009.0,,6.0,7.0,"REPLICATE>BLOCK>PLOT:223009,REPLICATE>BLOCK:1,REPLICATE:2",rainfed,2813.9831662867,318.6712941176,"63,4495521759","64,9999630852",8.9673565723,250,300,135,"-1,55041090930",2011
70,213009,3341670,Deb11,127408,https://doi.org/10.15454/MN1MDA,B84_H,Syngenta Debrecen 2011,REPLICATE>BLOCK>PLOT,,,213009.0,,1.0,4.0,"REPLICATE>BLOCK>PLOT:213009,REPLICATE>BLOCK:1,REPLICATE:1",rainfed,2960.4163682376,323.3845588235,"64,9999630852","66,5907437168",9.5735294118,261,310,142,"-1,59078063160",2011
71,123009,3341630,Deb11,127408,https://doi.org/10.15454/MN1MDA,B84_H,Syngenta Debrecen 2011,REPLICATE>BLOCK>PLOT,,,123009.0,,6.0,5.0,"REPLICATE>BLOCK>PLOT:123009,REPLICATE>BLOCK:1,REPLICATE:2",watered,2403.2278806584,288.1897411765,"63,4495521759","66,5907437168",6.9258562092,222,268,142,"-3,14119154090",2011
72,113009,3341621,Deb11,127408,https://doi.org/10.15454/MN1MDA,B84_H,Syngenta Debrecen 2011,REPLICATE>BLOCK>PLOT,,,113009.0,,5.0,5.0,"REPLICATE>BLOCK>PLOT:113009,REPLICATE>BLOCK:5,REPLICATE:1",watered,2443.1524967431,322.0167176471,"61,881359114","64,9999630852",7.8673594771,240,288,140,"-3,11860397120",2011
73,3009water_regimerainfed,3336055,Deb11,127408,https://doi.org/10.15454/MN1MDA,B84_H,Syngenta Debrecen 2011,VIRTUAL_TRIAL,,,,,,,,rainfed,330.2845690604,64.8267749076,67.0769595806,,2608.4753440809,,,,,2011
74,3009water_regimewatered,3336023,Deb11,127408,https://doi.org/10.15454/MN1MDA,B84_H,Syngenta Debrecen 2011,VIRTUAL_TRIAL,,,,,,,,watered,322.8743131316,62.4849883261,65.8376158922,,2367.8629989282,,,,,2011
75,233010,3341783,Deb11,127409,https://doi.org/10.15454/WBSYN7,F894_H,Syngenta Debrecen 2011,REPLICATE>BLOCK>PLOT,,,233010.0,,16.0,3.0,"REPLICATE>BLOCK>PLOT:233010,REPLICATE>BLOCK:5,REPLICATE:3",rainfed,1656.732741828,275.6802764706,"64,9999630852","66,5907437168",4.5672854031,243,286,124,"-1,59078063160",2011
76,223010,3341715,Deb11,127409,https://doi.org/10.15454/WBSYN7,F894_H,Syngenta Debrecen 2011,REPLICATE>BLOCK>PLOT,,,223010.0,,7.0,7.0,"REPLICATE>BLOCK>PLOT:223010,REPLICATE>BLOCK:2,REPLICATE:2",rainfed,2723.2848123242,323.2516,"64,9999630852","66,5907437168",8.8030617284,248,290,134,"-1,59078063160",2011
77,213010,3341678,Deb11,127409,https://doi.org/10.15454/WBSYN7,F894_H,Syngenta Debrecen 2011,REPLICATE>BLOCK>PLOT,,,213010.0,,2.0,4.0,"REPLICATE>BLOCK>PLOT:213010,REPLICATE>BLOCK:2,REPLICATE:1",rainfed,2540.0102829449,289.7214352941,"66,5907437168","66,5907437168",7.3589542484,252,302,135,"0,00000000000",2011
78,123010,3341663,Deb11,127409,https://doi.org/10.15454/WBSYN7,F894_H,Syngenta Debrecen 2011,REPLICATE>BLOCK>PLOT,,,123010.0,,11.0,6.0,"REPLICATE>BLOCK>PLOT:123010,REPLICATE>BLOCK:5,REPLICATE:2",watered,1477.9888277675,279.1767,"63,4495521759","66,5907437168",4.1262004357,232,274,125,"-3,14119154090",2011
79,113010,3341606,Deb11,127409,https://doi.org/10.15454/WBSYN7,F894_H,Syngenta Debrecen 2011,REPLICATE>BLOCK>PLOT,,,113010.0,,3.0,6.0,"REPLICATE>BLOCK>PLOT:113010,REPLICATE>BLOCK:3,REPLICATE:1",watered,2103.9397554812,280.5484705882,"63,4495521759","66,5907437168",5.9025708061,232,278,120,"-3,14119154090",2011
80,3010water_regimerainfed,3336056,Deb11,127409,https://doi.org/10.15454/WBSYN7,F894_H,Syngenta Debrecen 2011,VIRTUAL_TRIAL,,,,,,,,rainfed,309.0544395315,65.5856230186,66.548548626,,2304.1945311217,,,,,2011
81,3010water_regimewatered,3336024,Deb11,127409,https://doi.org/10.15454/WBSYN7,F894_H,Syngenta Debrecen 2011,VIRTUAL_TRIAL,,,,,,,,watered,288.9584815341,63.5824883203,66.7728617985,,1882.187869131,,,,,2011
82,233011,3341762,Deb11,127410,https://doi.org/10.15454/ZJPT9Q,F912_H,Syngenta Debrecen 2011,REPLICATE>BLOCK>PLOT,,,233011.0,,13.0,2.0,"REPLICATE>BLOCK>PLOT:233011,REPLICATE>BLOCK:2,REPLICATE:3",rainfed,1538.9468658345,278.7996235294,"61,881359114","63,4495521759",4.2905780683,235,281,121,"-1,56819306190",2011
83,223011,3341735,Deb11,127410,https://doi.org/10.15454/ZJPT9Q,F912_H,Syngenta Debrecen 2011,REPLICATE>BLOCK>PLOT,,,223011.0,,10.0,4.0,"REPLICATE>BLOCK>PLOT:223011,REPLICATE>BLOCK:4,REPLICATE:2",rainfed,2145.4815629039,287.9804705882,"61,881359114","63,4495521759",6.1785679012,245,292,130,"-1,56819306190",2011
84,213011,3341686,Deb11,127410,https://doi.org/10.15454/ZJPT9Q,F912_H,Syngenta Debrecen 2011,REPLICATE>BLOCK>PLOT,,,213011.0,,3.0,4.0,"REPLICATE>BLOCK>PLOT:213011,REPLICATE>BLOCK:3,REPLICATE:1",rainfed,2171.1575666054,290.8009705882,"60,1910323298","61,881359114",6.3137472767,248,291,125,"-1,69032678420",2011
85,123011,3341632,Deb11,127410,https://doi.org/10.15454/ZJPT9Q,F912_H,Syngenta Debrecen 2011,REPLICATE>BLOCK>PLOT,,,123011.0,,6.0,7.0,"REPLICATE>BLOCK>PLOT:123011,REPLICATE>BLOCK:1,REPLICATE:2",watered,1911.197091616,254.4712235294,"60,1910323298","61,881359114",4.8634466231,227,275,118,"-1,69032678420",2011
86,113011,3341594,Deb11,127410,https://doi.org/10.15454/ZJPT9Q,F912_H,Syngenta Debrecen 2011,REPLICATE>BLOCK>PLOT,,,113011.0,,2.0,6.0,"REPLICATE>BLOCK>PLOT:113011,REPLICATE>BLOCK:2,REPLICATE:1",watered,1460.2864664823,288.0673529412,"60,1910323298","63,4495521759",4.2066085694,218,264,110,"-3,25851984610",2011
87,3011water_regimerainfed,3336057,Deb11,127410,https://doi.org/10.15454/ZJPT9Q,F912_H,Syngenta Debrecen 2011,VIRTUAL_TRIAL,,,,,,,,rainfed,301.3479911065,60.7890648435,62.5880591323,,2030.9684570844,,,,,2011
88,3011water_regimewatered,3336025,Deb11,127410,https://doi.org/10.15454/ZJPT9Q,F912_H,Syngenta Debrecen 2011,VIRTUAL_TRIAL,,,,,,,,watered,282.5802718953,60.2382921162,62.4501687009,,1736.9632842387,,,,,2011
89,233012,3341787,Deb11,127411,https://doi.org/10.15454/KIHXDG,B105_H,Syngenta Debrecen 2011,REPLICATE>BLOCK>PLOT,,,233012.0,,16.0,7.0,"REPLICATE>BLOCK>PLOT:233012,REPLICATE>BLOCK:5,REPLICATE:3",rainfed,1818.4164525628,291.8925058824,"61,881359114","63,4495521759",5.3078213508,230,282,95,"-1,56819306190",2011
90,223012,3341706,Deb11,127411,https://doi.org/10.15454/KIHXDG,B105_H,Syngenta Debrecen 2011,REPLICATE>BLOCK>PLOT,,,223012.0,,6.0,1.0,"REPLICATE>BLOCK>PLOT:223012,REPLICATE>BLOCK:1,REPLICATE:2",rainfed,2815.8073599379,311.2317411765,"60,1910323298","63,4495521759",8.7636862745,232,290,105,"-3,25851984610",2011
91,213012,3341690,Deb11,127411,https://doi.org/10.15454/KIHXDG,B105_H,Syngenta Debrecen 2011,REPLICATE>BLOCK>PLOT,,,213012.0,,4.0,7.0,"REPLICATE>BLOCK>PLOT:213012,REPLICATE>BLOCK:4,REPLICATE:1",rainfed,2490.0057932216,314.6832470588,"60,1910323298","61,881359114",7.8356310821,230,283,110,"-1,69032678420",2011
92,123012,3341664,Deb11,127411,https://doi.org/10.15454/KIHXDG,B105_H,Syngenta Debrecen 2011,REPLICATE>BLOCK>PLOT,,,123012.0,,11.0,7.0,"REPLICATE>BLOCK>PLOT:123012,REPLICATE>BLOCK:5,REPLICATE:2",watered,2220.327323208,276.1823647059,"60,1910323298","63,4495521759",6.1321525054,232,291,123,"-3,25851984610",2011
93,113012,3341614,Deb11,127411,https://doi.org/10.15454/KIHXDG,B105_H,Syngenta Debrecen 2011,REPLICATE>BLOCK>PLOT,,,113012.0,,4.0,2.0,"REPLICATE>BLOCK>PLOT:113012,REPLICATE>BLOCK:4,REPLICATE:1",watered,2612.201901142,318.7806941176,"60,1910323298","63,4495521759",8.3271953522,242,295,135,"-3,25851984610",2011
94,3012water_regimerainfed,3336058,Deb11,127411,https://doi.org/10.15454/KIHXDG,B105_H,Syngenta Debrecen 2011,VIRTUAL_TRIAL,,,,,,,,rainfed,331.2770639524,61.3905126896,63.3739019415,,2207.2617632194,,,,,2011
95,3012water_regimewatered,3336026,Deb11,127411,https://doi.org/10.15454/KIHXDG,B105_H,Syngenta Debrecen 2011,VIRTUAL_TRIAL,,,,,,,,watered,324.4472159484,59.967137945,63.4931093504,,2477.5529707496,,,,,2011
96,233013,3341766,Deb11,127412,https://doi.org/10.15454/CNJTVT,A347_H,Syngenta Debrecen 2011,REPLICATE>BLOCK>PLOT,,,233013.0,,14.0,2.0,"REPLICATE>BLOCK>PLOT:233013,REPLICATE>BLOCK:3,REPLICATE:3",rainfed,1214.7831592276,298.3454117647,"64,9999630852","66,5907437168",3.6242498184,230,284,142,"-1,59078063160",2011
97,223013,3341722,Deb11,127412,https://doi.org/10.15454/CNJTVT,A347_H,Syngenta Debrecen 2011,REPLICATE>BLOCK>PLOT,,,223013.0,,7.0,1.0,"REPLICATE>BLOCK>PLOT:223013,REPLICATE>BLOCK:2,REPLICATE:2",rainfed,2637.1165117812,318.511,"63,4495521759","64,9999630852",8.3995061728,240,295,140,"-1,55041090930",2011
98,213013,3341665,Deb11,127412,https://doi.org/10.15454/CNJTVT,A347_H,Syngenta Debrecen 2011,REPLICATE>BLOCK>PLOT,,,213013.0,,1.0,1.0,"REPLICATE>BLOCK>PLOT:213013,REPLICATE>BLOCK:1,REPLICATE:1",rainfed,2481.5058467202,309.0465411765,"64,9999630852","64,9999630852",7.6690079884,240,302,140,"0,00000000000",2011
99,123013,3341643,Deb11,127412,https://doi.org/10.15454/CNJTVT,A347_H,Syngenta Debrecen 2011,REPLICATE>BLOCK>PLOT,,,123013.0,,8.0,2.0,"REPLICATE>BLOCK>PLOT:123013,REPLICATE>BLOCK:3,REPLICATE:2",watered,1616.1174297657,290.4206117647,"63,4495521759","64,9999630852",4.6935381264,245,298,152,"-1,55041090930",2011
100,113013,3341583,Deb11,127412,https://doi.org/10.15454/CNJTVT,A347_H,Syngenta Debrecen 2011,REPLICATE>BLOCK>PLOT,,,113013.0,,1.0,1.0,"REPLICATE>BLOCK>PLOT:113013,REPLICATE>BLOCK:1,REPLICATE:1",watered,1304.9789489551,282.8418705882,"63,4495521759","64,9999630852",3.69102687,235,280,140,"-1,55041090930",2011
101,3013water_regimerainfed,3336059,Deb11,127412,https://doi.org/10.15454/CNJTVT,A347_H,Syngenta Debrecen 2011,VIRTUAL_TRIAL,,,,,,,,rainfed,323.3308673279,64.8795423641,66.2436622678,,1839.7762418456,,,,,2011
102,3013water_regimewatered,3336027,Deb11,127412,https://doi.org/10.15454/CNJTVT,A347_H,Syngenta Debrecen 2011,VIRTUAL_TRIAL,,,,,,,,watered,296.2061085833,63.334297905,65.0887798015,,1407.0522031642,,,,,2011
103,233014,3341774,Deb11,127413,https://doi.org/10.15454/JBBAWF,EP52_H,Syngenta Debrecen 2011,REPLICATE>BLOCK>PLOT,,,233014.0,,15.0,6.0,"REPLICATE>BLOCK>PLOT:233014,REPLICATE>BLOCK:4,REPLICATE:3",rainfed,1572.1230242682,301.1017941176,"64,9999630852","66,5907437168",4.7336906318,238,296,145,"-1,59078063160",2011
104,223014,3341744,Deb11,127413,https://doi.org/10.15454/JBBAWF,EP52_H,Syngenta Debrecen 2011,REPLICATE>BLOCK>PLOT,,,223014.0,,11.0,5.0,"REPLICATE>BLOCK>PLOT:223014,REPLICATE>BLOCK:5,REPLICATE:2",rainfed,1831.5116781271,312.5174588235,"63,4495521759","64,9999630852",5.7237937545,243,288,130,"-1,55041090930",2011
105,213014,3341677,Deb11,127413,https://doi.org/10.15454/JBBAWF,EP52_H,Syngenta Debrecen 2011,REPLICATE>BLOCK>PLOT,,,213014.0,,2.0,5.0,"REPLICATE>BLOCK>PLOT:213014,REPLICATE>BLOCK:2,REPLICATE:1",rainfed,2762.2664415362,288.5344941176,"63,4495521759","64,9999630852",7.9700915033,250,308,145,"-1,55041090930",2011
106,123014,3341635,Deb11,127413,https://doi.org/10.15454/JBBAWF,EP52_H,Syngenta Debrecen 2011,REPLICATE>BLOCK>PLOT,,,123014.0,,7.0,6.0,"REPLICATE>BLOCK>PLOT:123014,REPLICATE>BLOCK:2,REPLICATE:2",watered,2564.4517066086,293.952,"63,4495521759","64,9999630852",7.5382570806,247,294,145,"-1,55041090930",2011
107,113014,3341622,Deb11,127413,https://doi.org/10.15454/JBBAWF,EP52_H,Syngenta Debrecen 2011,REPLICATE>BLOCK>PLOT,,,113014.0,,5.0,6.0,"REPLICATE>BLOCK>PLOT:113014,REPLICATE>BLOCK:5,REPLICATE:1",watered,2629.5293836414,291.8340470588,"63,4495521759","63,4495521759",7.6738620189,252,302,138,"0,00000000000",2011
108,3014water_regimerainfed,3336060,Deb11,127413,https://doi.org/10.15454/JBBAWF,EP52_H,Syngenta Debrecen 2011,VIRTUAL_TRIAL,,,,,,,,rainfed,336.1433689143,63.7082715352,65.4468499832,,2198.4187360257,,,,,2011
109,3014water_regimewatered,3336028,Deb11,127413,https://doi.org/10.15454/JBBAWF,EP52_H,Syngenta Debrecen 2011,VIRTUAL_TRIAL,,,,,,,,watered,319.8180950631,63.6382787432,64.0567854346,,2604.987959699,,,,,2011
110,233015,3341754,Deb11,127414,https://doi.org/10.15454/X2ENCA,F7028_H,Syngenta Debrecen 2011,REPLICATE>BLOCK>PLOT,,,233015.0,,12.0,6.0,"REPLICATE>BLOCK>PLOT:233015,REPLICATE>BLOCK:1,REPLICATE:3",rainfed,1366.4611033876,194.5741411765,"64,9999630852","66,5907437168",2.6587799564,235,289,125,"-1,59078063160",2011
111,223015,3341723,Deb11,127414,https://doi.org/10.15454/X2ENCA,F7028_H,Syngenta Debrecen 2011,REPLICATE>BLOCK>PLOT,,,223015.0,,9.0,1.0,"REPLICATE>BLOCK>PLOT:223015,REPLICATE>BLOCK:3,REPLICATE:2",rainfed,2493.6129851454,228.9126705882,"63,4495521759","64,9999630852",5.7081960784,245,290,135,"-1,55041090930",2011
112,213015,3341705,Deb11,127414,https://doi.org/10.15454/X2ENCA,F7028_H,Syngenta Debrecen 2011,REPLICATE>BLOCK>PLOT,,,213015.0,,5.0,7.0,"REPLICATE>BLOCK>PLOT:213015,REPLICATE>BLOCK:5,REPLICATE:1",rainfed,1585.0165045297,237.9497294118,"64,9999630852","64,9999630852",3.7715424837,250,301,125,"0,00000000000",2011
113,123015,3341652,Deb11,127414,https://doi.org/10.15454/X2ENCA,F7028_H,Syngenta Debrecen 2011,REPLICATE>BLOCK>PLOT,,,123015.0,,10.0,5.0,"REPLICATE>BLOCK>PLOT:123015,REPLICATE>BLOCK:4,REPLICATE:2",watered,2215.3518273147,247.0579411765,"61,881359114","63,4495521759",5.4732026144,243,290,142,"-1,56819306190",2011
114,113015,3341604,Deb11,127414,https://doi.org/10.15454/X2ENCA,F7028_H,Syngenta Debrecen 2011,REPLICATE>BLOCK>PLOT,,,113015.0,,3.0,4.0,"REPLICATE>BLOCK>PLOT:113015,REPLICATE>BLOCK:3,REPLICATE:1",watered,1739.1170518118,227.6832117647,"60,1910323298","63,4495521759",3.9596775599,233,278,122,"-3,25851984610",2011
115,3015water_regimerainfed,3336061,Deb11,127414,https://doi.org/10.15454/X2ENCA,F7028_H,Syngenta Debrecen 2011,VIRTUAL_TRIAL,,,,,,,,rainfed,234.5821055384,65.1184060642,65.8103296977,,1662.536143542,,,,,2011
116,3015water_regimewatered,3336029,Deb11,127414,https://doi.org/10.15454/X2ENCA,F7028_H,Syngenta Debrecen 2011,VIRTUAL_TRIAL,,,,,,,,watered,253.8282090562,60.7804578299,63.6282814595,,2024.6216913851,,,,,2011
117,233016,3341786,Deb11,127415,https://doi.org/10.15454/DPMMOI,F1890_H,Syngenta Debrecen 2011,REPLICATE>BLOCK>PLOT,,,233016.0,,16.0,6.0,"REPLICATE>BLOCK>PLOT:233016,REPLICATE>BLOCK:5,REPLICATE:3",rainfed,1282.8329014886,282.9892235294,"61,881359114","63,4495521759",3.6302788671,215,264,106,"-1,56819306190",2011
118,223016,3341729,Deb11,127415,https://doi.org/10.15454/DPMMOI,F1890_H,Syngenta Debrecen 2011,REPLICATE>BLOCK>PLOT,,,223016.0,,9.0,6.0,"REPLICATE>BLOCK>PLOT:223016,REPLICATE>BLOCK:3,REPLICATE:2",rainfed,2411.5466292337,331.9029411765,"61,881359114","63,4495521759",8.0039941903,243,294,139,"-1,56819306190",2011
119,213016,3341695,Deb11,127415,https://doi.org/10.15454/DPMMOI,F1890_H,Syngenta Debrecen 2011,REPLICATE>BLOCK>PLOT,,,213016.0,,4.0,3.0,"REPLICATE>BLOCK>PLOT:213016,REPLICATE>BLOCK:4,REPLICATE:1",rainfed,2150.0496996413,330.1768941176,"61,881359114","63,4495521759",7.0989673203,243,296,135,"-1,56819306190",2011
120,123016,3341651,Deb11,127415,https://doi.org/10.15454/DPMMOI,F1890_H,Syngenta Debrecen 2011,REPLICATE>BLOCK>PLOT,,,123016.0,,10.0,6.0,"REPLICATE>BLOCK>PLOT:123016,REPLICATE>BLOCK:4,REPLICATE:2",watered,2233.0879184698,321.9796470588,"61,881359114","63,4495521759",7.1900885984,225,274,145,"-1,56819306190",2011
121,113016,3341602,Deb11,127415,https://doi.org/10.15454/DPMMOI,F1890_H,Syngenta Debrecen 2011,REPLICATE>BLOCK>PLOT,,,113016.0,,3.0,2.0,"REPLICATE>BLOCK>PLOT:113016,REPLICATE>BLOCK:3,REPLICATE:1",watered,2405.4207875605,336.0543294118,"61,881359114","63,4495521759",8.0835206972,233,289,135,"-1,56819306190",2011
122,3016water_regimerainfed,3336062,Deb11,127415,https://doi.org/10.15454/DPMMOI,F1890_H,Syngenta Debrecen 2011,VIRTUAL_TRIAL,,,,,,,,rainfed,323.6642785256,61.848610785,63.2631037144,,2048.3679094572,,,,,2011
123,3016water_regimewatered,3336030,Deb11,127415,https://doi.org/10.15454/DPMMOI,F1890_H,Syngenta Debrecen 2011,VIRTUAL_TRIAL,,,,,,,,watered,332.3031356544,61.9699132948,63.2784971546,,2312.7602353008,,,,,2011
124,233017,3341769,Deb11,127416,https://doi.org/10.15454/O8CNHP,A374_H,Syngenta Debrecen 2011,REPLICATE>BLOCK>PLOT,,,233017.0,,14.0,5.0,"REPLICATE>BLOCK>PLOT:233017,REPLICATE>BLOCK:3,REPLICATE:3",rainfed,1438.3842331377,215.1944588235,"63,4495521759","66,5907437168",3.0953231663,248,295,130,"-3,14119154090",2011
125,223017,3341731,Deb11,127416,https://doi.org/10.15454/O8CNHP,A374_H,Syngenta Debrecen 2011,REPLICATE>BLOCK>PLOT,,,223017.0,,10.0,7.0,"REPLICATE>BLOCK>PLOT:223017,REPLICATE>BLOCK:4,REPLICATE:2",rainfed,2680.0480332552,240.9026941176,"61,881359114","63,4495521759",6.4563079158,248,290,133,"-1,56819306190",2011
126,213017,3341671,Deb11,127416,https://doi.org/10.15454/O8CNHP,A374_H,Syngenta Debrecen 2011,REPLICATE>BLOCK>PLOT,,,213017.0,,1.0,5.0,"REPLICATE>BLOCK>PLOT:213017,REPLICATE>BLOCK:1,REPLICATE:1",rainfed,2573.0473292264,230.0096470588,"61,881359114","63,4495521759",5.9182570806,240,293,130,"-1,56819306190",2011
127,123017,3341624,Deb11,127416,https://doi.org/10.15454/O8CNHP,A374_H,Syngenta Debrecen 2011,REPLICATE>BLOCK>PLOT,,,123017.0,,6.0,1.0,"REPLICATE>BLOCK>PLOT:123017,REPLICATE>BLOCK:1,REPLICATE:2",watered,2383.1066415501,228.6076941176,"61,881359114","63,4495521759",5.4479651416,244,292,140,"-1,56819306190",2011
128,113017,3341592,Deb11,127416,https://doi.org/10.15454/O8CNHP,A374_H,Syngenta Debrecen 2011,REPLICATE>BLOCK>PLOT,,,113017.0,,2.0,7.0,"REPLICATE>BLOCK>PLOT:113017,REPLICATE>BLOCK:2,REPLICATE:1",watered,1739.0304545912,243.2688,"61,881359114","64,9999630852",4.2305185185,227,273,128,"-3,11860397120",2011
129,3017water_regimerainfed,3336063,Deb11,127416,https://doi.org/10.15454/O8CNHP,A374_H,Syngenta Debrecen 2011,VIRTUAL_TRIAL,,,,,,,,rainfed,241.4310030153,62.5091039872,64.7027812204,,2128.865123851,,,,,2011
130,3017water_regimewatered,3336031,Deb11,127416,https://doi.org/10.15454/O8CNHP,A374_H,Syngenta Debrecen 2011,VIRTUAL_TRIAL,,,,,,,,watered,254.539135469,61.3171118501,64.4880309968,,2111.7175581773,,,,,2011
131,233018,3341772,Deb11,127417,https://doi.org/10.15454/TPZTSA,FR19_H,Syngenta Debrecen 2011,REPLICATE>BLOCK>PLOT,,,233018.0,,15.0,7.0,"REPLICATE>BLOCK>PLOT:233018,REPLICATE>BLOCK:4,REPLICATE:3",rainfed,1382.5563316838,246.7098,"63,4495521759","64,9999630852",3.4109019608,240,290,122,"-1,55041090930",2011
132,223018,3341709,Deb11,127417,https://doi.org/10.15454/TPZTSA,FR19_H,Syngenta Debrecen 2011,REPLICATE>BLOCK>PLOT,,,223018.0,,6.0,2.0,"REPLICATE>BLOCK>PLOT:223018,REPLICATE>BLOCK:1,REPLICATE:2",rainfed,1584.8873907821,263.2404,"61,881359114","64,9999630852",4.172063907,250,293,119,"-3,11860397120",2011
133,213018,3341674,Deb11,127417,https://doi.org/10.15454/TPZTSA,FR19_H,Syngenta Debrecen 2011,REPLICATE>BLOCK>PLOT,,,213018.0,,2.0,7.0,"REPLICATE>BLOCK>PLOT:213018,REPLICATE>BLOCK:2,REPLICATE:1",rainfed,2412.9439568976,254.3754705882,"63,4495521759","64,9999630852",6.1379375454,258,305,132,"-1,55041090930",2011
134,123018,3341657,Deb11,127417,https://doi.org/10.15454/TPZTSA,FR19_H,Syngenta Debrecen 2011,REPLICATE>BLOCK>PLOT,,,123018.0,,11.0,1.0,"REPLICATE>BLOCK>PLOT:123018,REPLICATE>BLOCK:5,REPLICATE:2",watered,2712.4045890495,283.8632823529,"61,881359114","63,4495521759",7.6995206972,250,299,135,"-1,56819306190",2011
135,113018,3341613,Deb11,127417,https://doi.org/10.15454/TPZTSA,FR19_H,Syngenta Debrecen 2011,REPLICATE>BLOCK>PLOT,,,113018.0,,4.0,3.0,"REPLICATE>BLOCK>PLOT:113018,REPLICATE>BLOCK:4,REPLICATE:1",watered,1986.3033235574,234.4092352941,"60,1910323298","61,881359114",4.6560784314,258,297,133,"-1,69032678420",2011
136,3018water_regimerainfed,3336064,Deb11,127417,https://doi.org/10.15454/TPZTSA,FR19_H,Syngenta Debrecen 2011,VIRTUAL_TRIAL,,,,,,,,rainfed,257.4049877015,63.0767303353,65.3053320273,,1752.1737066639,,,,,2011
137,3018water_regimewatered,3336032,Deb11,127417,https://doi.org/10.15454/TPZTSA,FR19_H,Syngenta Debrecen 2011,VIRTUAL_TRIAL,,,,,,,,watered,266.5638804114,61.1853620237,62.4368225383,,2282.8617228786,,,,,2011
138,233019,3341753,Deb11,127418,https://doi.org/10.15454/PJSPJG,B100_H,Syngenta Debrecen 2011,REPLICATE>BLOCK>PLOT,,,233019.0,,12.0,5.0,"REPLICATE>BLOCK>PLOT:233019,REPLICATE>BLOCK:1,REPLICATE:3",rainfed,1174.7391773332,262.2458235294,"64,9999630852","66,5907437168",3.0807044299,223,265,117,"-1,59078063160",2011
139,223019,3341717,Deb11,127418,https://doi.org/10.15454/PJSPJG,B100_H,Syngenta Debrecen 2011,REPLICATE>BLOCK>PLOT,,,223019.0,,7.0,6.0,"REPLICATE>BLOCK>PLOT:223019,REPLICATE>BLOCK:2,REPLICATE:2",rainfed,2252.7958806018,312.7965,"61,881359114","64,9999630852",7.0466666667,250,302,116,"-3,11860397120",2011
140,213019,3341701,Deb11,127418,https://doi.org/10.15454/PJSPJG,B100_H,Syngenta Debrecen 2011,REPLICATE>BLOCK>PLOT,,,213019.0,,5.0,3.0,"REPLICATE>BLOCK>PLOT:213019,REPLICATE>BLOCK:5,REPLICATE:1",rainfed,2107.4693577429,294.4125176471,"63,4495521759","64,9999630852",6.2046535948,238,280,115,"-1,55041090930",2011
141,123019,3341648,Deb11,127418,https://doi.org/10.15454/PJSPJG,B100_H,Syngenta Debrecen 2011,REPLICATE>BLOCK>PLOT,,,123019.0,,8.0,7.0,"REPLICATE>BLOCK>PLOT:123019,REPLICATE>BLOCK:3,REPLICATE:2",watered,1712.6721696789,289.9113882353,"61,881359114","64,9999630852",4.965231663,235,280,130,"-3,11860397120",2011
142,113019,3341586,Deb11,127418,https://doi.org/10.15454/PJSPJG,B100_H,Syngenta Debrecen 2011,REPLICATE>BLOCK>PLOT,,,113019.0,,1.0,2.0,"REPLICATE>BLOCK>PLOT:113019,REPLICATE>BLOCK:1,REPLICATE:1",watered,1953.2085925615,297.4407529412,"61,881359114","63,4495521759",5.8096383442,243,300,136,"-1,56819306190",2011
143,3019water_regimerainfed,3336065,Deb11,127418,https://doi.org/10.15454/PJSPJG,B100_H,Syngenta Debrecen 2011,VIRTUAL_TRIAL,,,,,,,,rainfed,319.0873074735,63.7934643079,65.3679127836,,1935.7061735635,,,,,2011
144,3019water_regimewatered,3336033,Deb11,127418,https://doi.org/10.15454/PJSPJG,B100_H,Syngenta Debrecen 2011,VIRTUAL_TRIAL,,,,,,,,watered,311.9231395788,62.0452723655,64.0768488198,,1838.6220869332,,,,,2011
145,233020,3341758,Deb11,127419,https://doi.org/10.15454/F8P1TS,EZ11A_H,Syngenta Debrecen 2011,REPLICATE>BLOCK>PLOT,,,233020.0,,13.0,6.0,"REPLICATE>BLOCK>PLOT:233020,REPLICATE>BLOCK:2,REPLICATE:3",rainfed,2097.4961140139,270.1958,"66,5907437168","68,2626781839",5.6673464052,263,310,128,"-1,67193446710",2011
146,223020,3341739,Deb11,127419,https://doi.org/10.15454/F8P1TS,EZ11A_H,Syngenta Debrecen 2011,REPLICATE>BLOCK>PLOT,,,223020.0,,11.0,1.0,"REPLICATE>BLOCK>PLOT:223020,REPLICATE>BLOCK:5,REPLICATE:2",rainfed,3238.5597133385,266.5507058824,"63,4495521759","64,9999630852",8.6324037763,244,285,120,"-1,55041090930",2011
147,213020,3341682,Deb11,127419,https://doi.org/10.15454/F8P1TS,EZ11A_H,Syngenta Debrecen 2011,REPLICATE>BLOCK>PLOT,,,213020.0,,3.0,1.0,"REPLICATE>BLOCK>PLOT:213020,REPLICATE>BLOCK:3,REPLICATE:1",rainfed,3238.8536967437,287.5136117647,"63,4495521759","64,9999630852",9.3121452433,270,318,152,"-1,55041090930",2011
148,123020,3341636,Deb11,127419,https://doi.org/10.15454/F8P1TS,EZ11A_H,Syngenta Debrecen 2011,REPLICATE>BLOCK>PLOT,,,123020.0,,7.0,5.0,"REPLICATE>BLOCK>PLOT:123020,REPLICATE>BLOCK:2,REPLICATE:2",watered,2647.3537426764,286.0073117647,"61,881359114","63,4495521759",7.5716252723,253,293,132,"-1,56819306190",2011
149,113020,3341618,Deb11,127419,https://doi.org/10.15454/F8P1TS,EZ11A_H,Syngenta Debrecen 2011,REPLICATE>BLOCK>PLOT,,,113020.0,,5.0,2.0,"REPLICATE>BLOCK>PLOT:113020,REPLICATE>BLOCK:5,REPLICATE:1",watered,2596.0920269863,282.7331058824,"61,881359114","64,9999630852",7.3400116195,264,313,150,"-3,11860397120",2011
150,3020water_regimerainfed,3336066,Deb11,127419,https://doi.org/10.15454/F8P1TS,EZ11A_H,Syngenta Debrecen 2011,VIRTUAL_TRIAL,,,,,,,,rainfed,305.8946312422,64.6237993879,66.2250993478,,2646.3558935103,,,,,2011
151,3020water_regimewatered,3336034,Deb11,127419,https://doi.org/10.15454/F8P1TS,EZ11A_H,Syngenta Debrecen 2011,VIRTUAL_TRIAL,,,,,,,,watered,299.1715923352,61.323481046,64.607462645,,2598.7305041737,,,,,2011
152,233021,3341780,Deb11,127420,https://doi.org/10.15454/GD6TZS,EZ37_H,Syngenta Debrecen 2011,REPLICATE>BLOCK>PLOT,,,233021.0,,16.0,1.0,"REPLICATE>BLOCK>PLOT:233021,REPLICATE>BLOCK:5,REPLICATE:3",rainfed,1923.1962280539,287.5784117647,"63,4495521759","64,9999630852",5.5306971678,238,285,110,"-1,55041090930",2011
153,223021,3341721,Deb11,127420,https://doi.org/10.15454/GD6TZS,EZ37_H,Syngenta Debrecen 2011,REPLICATE>BLOCK>PLOT,,,223021.0,,7.0,2.0,"REPLICATE>BLOCK>PLOT:223021,REPLICATE>BLOCK:2,REPLICATE:2",rainfed,1867.8650756754,285.0075,"63,4495521759","64,9999630852",5.3235555556,251,299,120,"-1,55041090930",2011
154,213021,3341689,Deb11,127420,https://doi.org/10.15454/GD6TZS,EZ37_H,Syngenta Debrecen 2011,REPLICATE>BLOCK>PLOT,,,213021.0,,3.0,7.0,"REPLICATE>BLOCK>PLOT:213021,REPLICATE>BLOCK:3,REPLICATE:1",rainfed,1959.2328849704,282.0631764706,"63,4495521759","64,9999630852",5.5262745098,250,293,140,"-1,55041090930",2011
155,123021,3341641,Deb11,127420,https://doi.org/10.15454/GD6TZS,EZ37_H,Syngenta Debrecen 2011,REPLICATE>BLOCK>PLOT,,,123021.0,,8.0,1.0,"REPLICATE>BLOCK>PLOT:123021,REPLICATE>BLOCK:3,REPLICATE:2",watered,2240.7515135846,304.1382882353,"63,4495521759","64,9999630852",6.814983297,243,305,155,"-1,55041090930",2011
156,113021,3341619,Deb11,127420,https://doi.org/10.15454/GD6TZS,EZ37_H,Syngenta Debrecen 2011,REPLICATE>BLOCK>PLOT,,,113021.0,,5.0,3.0,"REPLICATE>BLOCK>PLOT:113021,REPLICATE>BLOCK:5,REPLICATE:1",watered,2753.7611963516,287.5006235294,"61,881359114","63,4495521759",7.91708061,267,310,158,"-1,56819306190",2011
157,3021water_regimerainfed,3336067,Deb11,127420,https://doi.org/10.15454/GD6TZS,EZ37_H,Syngenta Debrecen 2011,VIRTUAL_TRIAL,,,,,,,,rainfed,297.2506772429,63.5476726774,65.1521750136,,1782.3800031977,,,,,2011
158,3021water_regimewatered,3336035,Deb11,127420,https://doi.org/10.15454/GD6TZS,EZ37_H,Syngenta Debrecen 2011,VIRTUAL_TRIAL,,,,,,,,watered,308.5150882192,62.7049781335,64.0735362008,,2470.9174754269,,,,,2011
159,233022,3341770,Deb11,127421,https://doi.org/10.15454/RFTVJ3,F1808_H,Syngenta Debrecen 2011,REPLICATE>BLOCK>PLOT,,,233022.0,,14.0,6.0,"REPLICATE>BLOCK>PLOT:233022,REPLICATE>BLOCK:3,REPLICATE:3",rainfed,1032.2655160155,332.6335647059,"63,4495521759","64,9999630852",3.4336615832,241,283,125,"-1,55041090930",2011
160,223022,3341746,Deb11,127421,https://doi.org/10.15454/RFTVJ3,F1808_H,Syngenta Debrecen 2011,REPLICATE>BLOCK>PLOT,,,223022.0,,11.0,7.0,"REPLICATE>BLOCK>PLOT:223022,REPLICATE>BLOCK:5,REPLICATE:2",rainfed,2180.5636919872,324.6914823529,"61,881359114","63,4495521759",7.0801045752,232,276,133,"-1,56819306190",2011
161,213022,3341696,Deb11,127421,https://doi.org/10.15454/RFTVJ3,F1808_H,Syngenta Debrecen 2011,REPLICATE>BLOCK>PLOT,,,213022.0,,4.0,2.0,"REPLICATE>BLOCK>PLOT:213022,REPLICATE>BLOCK:4,REPLICATE:1",rainfed,1724.4296012529,323.3805882353,"63,4495521759","63,4495521759",5.5764705882,270,310,140,"0,00000000000",2011
162,123022,3341638,Deb11,127421,https://doi.org/10.15454/RFTVJ3,F1808_H,Syngenta Debrecen 2011,REPLICATE>BLOCK>PLOT,,,123022.0,,7.0,3.0,"REPLICATE>BLOCK>PLOT:123022,REPLICATE>BLOCK:2,REPLICATE:2",watered,1977.4464218909,334.1890588235,"61,881359114","63,4495521759",6.6084095861,260,300,120,"-1,56819306190",2011
163,113022,3341603,Deb11,127421,https://doi.org/10.15454/RFTVJ3,F1808_H,Syngenta Debrecen 2011,REPLICATE>BLOCK>PLOT,,,113022.0,,3.0,3.0,"REPLICATE>BLOCK>PLOT:113022,REPLICATE>BLOCK:3,REPLICATE:1",watered,1682.8611860951,296.0795941176,"61,881359114","63,4495521759",4.9826085694,235,274,123,"-1,56819306190",2011
164,3022water_regimerainfed,3336068,Deb11,127421,https://doi.org/10.15454/RFTVJ3,F1808_H,Syngenta Debrecen 2011,VIRTUAL_TRIAL,,,,,,,,rainfed,341.1204437079,63.3351581283,63.9396417151,,1705.5403633239,,,,,2011
165,3022water_regimewatered,3336036,Deb11,127421,https://doi.org/10.15454/RFTVJ3,F1808_H,Syngenta Debrecen 2011,VIRTUAL_TRIAL,,,,,,,,watered,334.8089855465,62.2024605067,63.3547380046,,1816.728097443,,,,,2011
166,233023,3341777,Deb11,127422,https://doi.org/10.15454/KUZQQB,Pa405_H,Syngenta Debrecen 2011,REPLICATE>BLOCK>PLOT,,,233023.0,,15.0,3.0,"REPLICATE>BLOCK>PLOT:233023,REPLICATE>BLOCK:4,REPLICATE:3",rainfed,798.222494786,245.4735176471,"64,9999630852","68,2626781839",1.9594248366,232,280,121,"-3,26271509870",2011
167,223023,3341730,Deb11,127422,https://doi.org/10.15454/KUZQQB,Pa405_H,Syngenta Debrecen 2011,REPLICATE>BLOCK>PLOT,,,223023.0,,9.0,7.0,"REPLICATE>BLOCK>PLOT:223023,REPLICATE>BLOCK:3,REPLICATE:2",rainfed,2198.5145294612,262.9619352941,"60,1910323298","63,4495521759",5.7812563544,246,298,125,"-3,25851984610",2011
168,213023,3341669,Deb11,127422,https://doi.org/10.15454/KUZQQB,Pa405_H,Syngenta Debrecen 2011,REPLICATE>BLOCK>PLOT,,,213023.0,,1.0,3.0,"REPLICATE>BLOCK>PLOT:213023,REPLICATE>BLOCK:1,REPLICATE:1",rainfed,1925.7752540234,254.4573882353,"61,881359114","63,4495521759",4.9002774147,245,294,125,"-1,56819306190",2011
169,123023,3341653,Deb11,127422,https://doi.org/10.15454/KUZQQB,Pa405_H,Syngenta Debrecen 2011,REPLICATE>BLOCK>PLOT,,,123023.0,,10.0,4.0,"REPLICATE>BLOCK>PLOT:123023,REPLICATE>BLOCK:4,REPLICATE:2",watered,1935.2055864489,256.1534117647,"60,1910323298","63,4495521759",4.9570951344,243,292,132,"-3,25851984610",2011
170,113023,3341598,Deb11,127422,https://doi.org/10.15454/KUZQQB,Pa405_H,Syngenta Debrecen 2011,REPLICATE>BLOCK>PLOT,,,113023.0,,2.0,2.0,"REPLICATE>BLOCK>PLOT:113023,REPLICATE>BLOCK:2,REPLICATE:1",watered,2051.6919797495,270.5103529412,"60,1910323298","63,4495521759",5.5500392157,249,298,127,"-3,25851984610",2011
171,3023water_regimerainfed,3336069,Deb11,127422,https://doi.org/10.15454/KUZQQB,Pa405_H,Syngenta Debrecen 2011,VIRTUAL_TRIAL,,,,,,,,rainfed,259.7482561845,61.7373808185,64.7037489766,,1671.935316724,,,,,2011
172,3023water_regimewatered,3336037,Deb11,127422,https://doi.org/10.15454/KUZQQB,Pa405_H,Syngenta Debrecen 2011,VIRTUAL_TRIAL,,,,,,,,watered,267.2283213176,60.4163273631,63.2202516757,,1975.0964485097,,,,,2011
173,233024,3341751,Deb11,127423,https://doi.org/10.15454/M33T8W,LH38_H,Syngenta Debrecen 2011,REPLICATE>BLOCK>PLOT,,,233024.0,,12.0,3.0,"REPLICATE>BLOCK>PLOT:233024,REPLICATE>BLOCK:1,REPLICATE:3",rainfed,1133.5009880422,286.5174,"64,9999630852","66,5907437168",3.2476775599,208,255,96,"-1,59078063160",2011
174,223024,3341733,Deb11,127423,https://doi.org/10.15454/M33T8W,LH38_H,Syngenta Debrecen 2011,REPLICATE>BLOCK>PLOT,,,223024.0,,10.0,6.0,"REPLICATE>BLOCK>PLOT:223024,REPLICATE>BLOCK:4,REPLICATE:2",rainfed,2460.6368921509,288.7567411765,"61,881359114","63,4495521759",7.105254902,228,277,110,"-1,56819306190",2011
175,213024,3341681,Deb11,127423,https://doi.org/10.15454/M33T8W,LH38_H,Syngenta Debrecen 2011,REPLICATE>BLOCK>PLOT,,,213024.0,,2.0,1.0,"REPLICATE>BLOCK>PLOT:213024,REPLICATE>BLOCK:2,REPLICATE:1",rainfed,3037.8435071841,281.1293647059,"63,4495521759","64,9999630852",8.5402701525,232,276,120,"-1,55041090930",2011
176,123024,3341631,Deb11,127423,https://doi.org/10.15454/M33T8W,LH38_H,Syngenta Debrecen 2011,REPLICATE>BLOCK>PLOT,,,123024.0,,6.0,6.0,"REPLICATE>BLOCK>PLOT:123024,REPLICATE>BLOCK:1,REPLICATE:2",watered,1862.9695735002,295.4614705882,"61,881359114","63,4495521759",5.5043572985,223,271,125,"-1,56819306190",2011
177,113024,3341608,Deb11,127423,https://doi.org/10.15454/M33T8W,LH38_H,Syngenta Debrecen 2011,REPLICATE>BLOCK>PLOT,,,113024.0,,4.0,7.0,"REPLICATE>BLOCK>PLOT:113024,REPLICATE>BLOCK:4,REPLICATE:1",watered,1421.231004701,292.4170352941,"63,4495521759","64,9999630852",4.1559215686,230,273,108,"-1,55041090930",2011
178,3024water_regimerainfed,3336070,Deb11,127423,https://doi.org/10.15454/M33T8W,LH38_H,Syngenta Debrecen 2011,VIRTUAL_TRIAL,,,,,,,,rainfed,297.8934734658,64.0798792266,65.2033981505,,2181.8854058482,,,,,2011
179,3024water_regimewatered,3336038,Deb11,127423,https://doi.org/10.15454/M33T8W,LH38_H,Syngenta Debrecen 2011,VIRTUAL_TRIAL,,,,,,,,watered,311.5959094567,62.4977104269,64.5718581684,,1680.0042711778,,,,,2011
180,233025,3341756,Deb11,127424,https://doi.org/10.15454/EYCTRV,Oh02_H,Syngenta Debrecen 2011,REPLICATE>BLOCK>PLOT,,,233025.0,,13.0,7.0,"REPLICATE>BLOCK>PLOT:233025,REPLICATE>BLOCK:2,REPLICATE:3",rainfed,2860.6326812364,299.0196823529,"66,5907437168","69,8447541458",8.5538547567,265,312,140,"-3,25401042900",2011
181,223025,3341711,Deb11,127424,https://doi.org/10.15454/EYCTRV,Oh02_H,Syngenta Debrecen 2011,REPLICATE>BLOCK>PLOT,,,223025.0,,6.0,4.0,"REPLICATE>BLOCK>PLOT:223025,REPLICATE>BLOCK:1,REPLICATE:2",rainfed,2991.5320944651,318.4976470588,"66,5907437168","68,2626781839",9.5279593319,268,315,160,"-1,67193446710",2011
182,213025,3341704,Deb11,127424,https://doi.org/10.15454/EYCTRV,Oh02_H,Syngenta Debrecen 2011,REPLICATE>BLOCK>PLOT,,,213025.0,,5.0,6.0,"REPLICATE>BLOCK>PLOT:213025,REPLICATE>BLOCK:5,REPLICATE:1",rainfed,2862.5990862737,311.3586,"64,9999630852","68,2626781839",8.9129484386,262,315,155,"-3,26271509870",2011
183,123025,3341661,Deb11,127424,https://doi.org/10.15454/EYCTRV,Oh02_H,Syngenta Debrecen 2011,REPLICATE>BLOCK>PLOT,,,123025.0,,11.0,4.0,"REPLICATE>BLOCK>PLOT:123025,REPLICATE>BLOCK:5,REPLICATE:2",watered,3067.8091611129,308.2419411765,"63,4495521759","66,5907437168",9.4562745098,280,325,158,"-3,14119154090",2011
184,113025,3341587,Deb11,127424,https://doi.org/10.15454/EYCTRV,Oh02_H,Syngenta Debrecen 2011,REPLICATE>BLOCK>PLOT,,,113025.0,,1.0,3.0,"REPLICATE>BLOCK>PLOT:113025,REPLICATE>BLOCK:1,REPLICATE:1",watered,3076.8286413615,314.5311058824,"64,9999630852","66,5907437168",9.6775831518,270,320,160,"-1,59078063160",2011
185,3025water_regimerainfed,3336071,Deb11,127424,https://doi.org/10.15454/EYCTRV,Oh02_H,Syngenta Debrecen 2011,VIRTUAL_TRIAL,,,,,,,,rainfed,317.9606718748,66.1580117264,68.8203425637,,2772.7461112895,,,,,2011
186,3025water_regimewatered,3336039,Deb11,127424,https://doi.org/10.15454/EYCTRV,Oh02_H,Syngenta Debrecen 2011,VIRTUAL_TRIAL,,,,,,,,watered,324.0026480623,64.0469320589,66.9307302257,,3089.3969416823,,,,,2011
187,233026,3341785,Deb11,127425,https://doi.org/10.15454/ZEQFBU,UH250_H,Syngenta Debrecen 2011,REPLICATE>BLOCK>PLOT,,,233026.0,,16.0,5.0,"REPLICATE>BLOCK>PLOT:233026,REPLICATE>BLOCK:5,REPLICATE:3",rainfed,1113.4622465321,279.7078705882,"61,881359114","63,4495521759",3.1144415396,232,276,115,"-1,56819306190",2011
188,223026,3341743,Deb11,127425,https://doi.org/10.15454/ZEQFBU,UH250_H,Syngenta Debrecen 2011,REPLICATE>BLOCK>PLOT,,,223026.0,,11.0,4.0,"REPLICATE>BLOCK>PLOT:223026,REPLICATE>BLOCK:5,REPLICATE:2",rainfed,1712.3056802707,264.1644470588,"61,881359114","63,4495521759",4.5233028322,237,280,120,"-1,56819306190",2011
189,213026,3341673,Deb11,127425,https://doi.org/10.15454/ZEQFBU,UH250_H,Syngenta Debrecen 2011,REPLICATE>BLOCK>PLOT,,,213026.0,,1.0,7.0,"REPLICATE>BLOCK>PLOT:213026,REPLICATE>BLOCK:1,REPLICATE:1",rainfed,1733.3895740604,285.3947117647,"60,1910323298","61,881359114",4.9470021786,240,284,138,"-1,69032678420",2011
190,123026,3341646,Deb11,127425,https://doi.org/10.15454/ZEQFBU,UH250_H,Syngenta Debrecen 2011,REPLICATE>BLOCK>PLOT,,,123026.0,,8.0,5.0,"REPLICATE>BLOCK>PLOT:123026,REPLICATE>BLOCK:3,REPLICATE:2",watered,1861.8028671764,277.3192235294,"58,5168999101","61,881359114",5.1631372549,243,291,140,"-3,36445920390",2011
191,113026,3341615,Deb11,127425,https://doi.org/10.15454/ZEQFBU,UH250_H,Syngenta Debrecen 2011,REPLICATE>BLOCK>PLOT,,,113026.0,,4.0,1.0,"REPLICATE>BLOCK>PLOT:113026,REPLICATE>BLOCK:4,REPLICATE:1",watered,1852.2766859541,280.9589176471,"56,9749596368","58,5168999101",5.2041365287,235,282,115,"-1,54194027330",2011
192,3026water_regimerainfed,3336072,Deb11,127425,https://doi.org/10.15454/ZEQFBU,UH250_H,Syngenta Debrecen 2011,VIRTUAL_TRIAL,,,,,,,,rainfed,285.6469936897,61.576154085,63.1805006435,,1444.1002745579,,,,,2011
193,3026water_regimewatered,3336040,Deb11,127425,https://doi.org/10.15454/ZEQFBU,UH250_H,Syngenta Debrecen 2011,VIRTUAL_TRIAL,,,,,,,,watered,284.3435519477,57.4471689787,59.9735865951,,1814.3536741466,,,,,2011
194,233027,3341764,Deb11,127426,https://doi.org/10.15454/3UYP74,B97_H,Syngenta Debrecen 2011,REPLICATE>BLOCK>PLOT,,,233027.0,,14.0,1.0,"REPLICATE>BLOCK>PLOT:233027,REPLICATE>BLOCK:3,REPLICATE:3",rainfed,2387.3763388112,289.2094117647,"63,4495521759","64,9999630852",6.9045170661,252,298,130,"-1,55041090930",2011
195,223027,3341725,Deb11,127426,https://doi.org/10.15454/3UYP74,B97_H,Syngenta Debrecen 2011,REPLICATE>BLOCK>PLOT,,,223027.0,,9.0,2.0,"REPLICATE>BLOCK>PLOT:223027,REPLICATE>BLOCK:3,REPLICATE:2",rainfed,2360.0692335611,324.0360117647,"61,881359114","63,4495521759",7.6474742193,245,300,132,"-1,56819306190",2011
196,213027,3341680,Deb11,127426,https://doi.org/10.15454/3UYP74,B97_H,Syngenta Debrecen 2011,REPLICATE>BLOCK>PLOT,,,213027.0,,2.0,2.0,"REPLICATE>BLOCK>PLOT:213027,REPLICATE>BLOCK:2,REPLICATE:1",rainfed,2063.7668992777,307.2236058824,"64,9999630852","66,5907437168",6.340379085,240,295,141,"-1,59078063160",2011
197,123027,3341640,Deb11,127426,https://doi.org/10.15454/3UYP74,B97_H,Syngenta Debrecen 2011,REPLICATE>BLOCK>PLOT,,,123027.0,,7.0,1.0,"REPLICATE>BLOCK>PLOT:123027,REPLICATE>BLOCK:2,REPLICATE:2",watered,2941.5697285733,300.2989588235,"63,4495521759","64,9999630852",8.833503268,252,302,131,"-1,55041090930",2011
198,113027,3341589,Deb11,127426,https://doi.org/10.15454/3UYP74,B97_H,Syngenta Debrecen 2011,REPLICATE>BLOCK>PLOT,,,113027.0,,1.0,5.0,"REPLICATE>BLOCK>PLOT:113027,REPLICATE>BLOCK:1,REPLICATE:1",watered,2770.7096409387,313.6679411765,"61,881359114","64,9999630852",8.6908278867,251,298,140,"-3,11860397120",2011
199,3027water_regimerainfed,3336073,Deb11,127426,https://doi.org/10.15454/3UYP74,B97_H,Syngenta Debrecen 2011,VIRTUAL_TRIAL,,,,,,,,rainfed,317.0616712868,63.6909755663,64.9144779993,,2226.9481182137,,,,,2011
200,3027water_regimewatered,3336041,Deb11,127426,https://doi.org/10.15454/3UYP74,B97_H,Syngenta Debrecen 2011,VIRTUAL_TRIAL,,,,,,,,watered,320.4937057365,62.384038764,65.0639632755,,2828.985810975,,,,,2011
201,233028,3341778,Deb11,127427,https://doi.org/10.15454/KSZLK9,F838_H,Syngenta Debrecen 2011,REPLICATE>BLOCK>PLOT,,,233028.0,,15.0,2.0,"REPLICATE>BLOCK>PLOT:233028,REPLICATE>BLOCK:4,REPLICATE:3",rainfed,1049.3944805615,246.5472705882,"66,5907437168","69,8447541458",2.5872534495,225,275,126,"-3,25401042900",2011
202,223028,3341738,Deb11,127427,https://doi.org/10.15454/KSZLK9,F838_H,Syngenta Debrecen 2011,REPLICATE>BLOCK>PLOT,,,223028.0,,10.0,1.0,"REPLICATE>BLOCK>PLOT:223028,REPLICATE>BLOCK:4,REPLICATE:2",rainfed,2124.6458923513,266.6852705882,"64,9999630852","64,9999630852",5.6661176471,245,291,132,"0,00000000000",2011
203,213028,3341702,Deb11,127427,https://doi.org/10.15454/KSZLK9,F838_H,Syngenta Debrecen 2011,REPLICATE>BLOCK>PLOT,,,213028.0,,5.0,4.0,"REPLICATE>BLOCK>PLOT:213028,REPLICATE>BLOCK:5,REPLICATE:1",rainfed,2378.785597217,265.1136411765,"64,9999630852","66,5907437168",6.3064851126,242,294,130,"-1,59078063160",2011
204,123028,3341656,Deb11,127427,https://doi.org/10.15454/KSZLK9,F838_H,Syngenta Debrecen 2011,REPLICATE>BLOCK>PLOT,,,123028.0,,10.0,1.0,"REPLICATE>BLOCK>PLOT:123028,REPLICATE>BLOCK:4,REPLICATE:2",watered,2995.2548374742,254.6159,"63,4495521759","64,9999630852",7.6263950617,250,300,140,"-1,55041090930",2011
205,113028,3341616,Deb11,127427,https://doi.org/10.15454/KSZLK9,F838_H,Syngenta Debrecen 2011,REPLICATE>BLOCK>PLOT,,,113028.0,,5.0,1.0,"REPLICATE>BLOCK>PLOT:113028,REPLICATE>BLOCK:5,REPLICATE:1",watered,1986.0239338977,253.0230352941,"63,4495521759","66,5907437168",5.0250980392,238,290,140,"-3,14119154090",2011
206,3028water_regimerainfed,3336074,Deb11,127427,https://doi.org/10.15454/KSZLK9,F838_H,Syngenta Debrecen 2011,VIRTUAL_TRIAL,,,,,,,,rainfed,276.1219200232,65.4904432313,67.1647188098,,1745.8189393776,,,,,2011
207,3028water_regimewatered,3336042,Deb11,127427,https://doi.org/10.15454/KSZLK9,F838_H,Syngenta Debrecen 2011,VIRTUAL_TRIAL,,,,,,,,watered,265.0553158132,63.2050132974,65.8387025092,,2464.9114919197,,,,,2011
208,233029,3341747,Deb11,127428,https://doi.org/10.15454/4W8MAU,B104_H,Syngenta Debrecen 2011,REPLICATE>BLOCK>PLOT,,,233029.0,,12.0,1.0,"REPLICATE>BLOCK>PLOT:233029,REPLICATE>BLOCK:1,REPLICATE:3",rainfed,2014.2484180716,318.3061764706,"63,4495521759","66,5907437168",6.4114771242,241,291,122,"-3,14119154090",2011
209,223029,3341710,Deb11,127428,https://doi.org/10.15454/4W8MAU,B104_H,Syngenta Debrecen 2011,REPLICATE>BLOCK>PLOT,,,223029.0,,6.0,3.0,"REPLICATE>BLOCK>PLOT:223029,REPLICATE>BLOCK:1,REPLICATE:2",rainfed,2127.9687759508,322.6311529412,"63,4495521759","66,5907437168",6.8654901961,240,288,118,"-3,14119154090",2011
210,213029,3341685,Deb11,127428,https://doi.org/10.15454/4W8MAU,B104_H,Syngenta Debrecen 2011,REPLICATE>BLOCK>PLOT,,,213029.0,,3.0,3.0,"REPLICATE>BLOCK>PLOT:213029,REPLICATE>BLOCK:3,REPLICATE:1",rainfed,2191.2401185592,307.5110941176,"64,9999630852","68,2626781839",6.7383064633,233,285,122,"-3,26271509870",2011
211,123029,3341628,Deb11,127428,https://doi.org/10.15454/4W8MAU,B104_H,Syngenta Debrecen 2011,REPLICATE>BLOCK>PLOT,,,123029.0,,6.0,3.0,"REPLICATE>BLOCK>PLOT:123029,REPLICATE>BLOCK:1,REPLICATE:2",watered,1969.4004406534,317.0601,"63,4495521759","66,5907437168",6.2441830065,245,290,130,"-3,14119154090",2011
212,113029,3341600,Deb11,127428,https://doi.org/10.15454/4W8MAU,B104_H,Syngenta Debrecen 2011,REPLICATE>BLOCK>PLOT,,,113029.0,,3.0,1.0,"REPLICATE>BLOCK>PLOT:113029,REPLICATE>BLOCK:3,REPLICATE:1",watered,2039.0503851064,326.0474411765,"63,4495521759","66,5907437168",6.6482716049,232,272,121,"-3,14119154090",2011
213,3029water_regimerainfed,3336075,Deb11,127428,https://doi.org/10.15454/4W8MAU,B104_H,Syngenta Debrecen 2011,VIRTUAL_TRIAL,,,,,,,,rainfed,348.7811913509,63.6553050188,66.9686174276,,2051.2599118797,,,,,2011
214,3029water_regimewatered,3336043,Deb11,127428,https://doi.org/10.15454/4W8MAU,B104_H,Syngenta Debrecen 2011,VIRTUAL_TRIAL,,,,,,,,watered,357.6939731536,63.729435703,66.43628076,,1977.0639282892,,,,,2011
215,233030,3341759,Deb11,127429,https://doi.org/10.15454/LFK19C,B89_H,Syngenta Debrecen 2011,REPLICATE>BLOCK>PLOT,,,233030.0,,13.0,5.0,"REPLICATE>BLOCK>PLOT:233030,REPLICATE>BLOCK:2,REPLICATE:3",rainfed,1850.8735888556,301.618,"64,9999630852","64,9999630852",5.5825679012,232,280,123,"0,00000000000",2011
216,223030,3341718,Deb11,127429,https://doi.org/10.15454/LFK19C,B89_H,Syngenta Debrecen 2011,REPLICATE>BLOCK>PLOT,,,223030.0,,7.0,5.0,"REPLICATE>BLOCK>PLOT:223030,REPLICATE>BLOCK:2,REPLICATE:2",rainfed,2273.4116230051,315.1887058824,"60,1910323298","63,4495521759",7.1655366739,252,300,135,"-3,25851984610",2011
217,213030,3341694,Deb11,127429,https://doi.org/10.15454/LFK19C,B89_H,Syngenta Debrecen 2011,REPLICATE>BLOCK>PLOT,,,213030.0,,4.0,4.0,"REPLICATE>BLOCK>PLOT:213030,REPLICATE>BLOCK:4,REPLICATE:1",rainfed,2294.6398761927,320.3978470588,"61,881359114","64,9999630852",7.3519767611,241,290,132,"-3,11860397120",2011
218,123030,3341662,Deb11,127429,https://doi.org/10.15454/LFK19C,B89_H,Syngenta Debrecen 2011,REPLICATE>BLOCK>PLOT,,,123030.0,,11.0,5.0,"REPLICATE>BLOCK>PLOT:123030,REPLICATE>BLOCK:5,REPLICATE:2",watered,2087.6200274348,278.3774117647,"60,1910323298","63,4495521759",5.8114625999,238,286,140,"-3,25851984610",2011
219,113030,3341595,Deb11,127429,https://doi.org/10.15454/LFK19C,B89_H,Syngenta Debrecen 2011,REPLICATE>BLOCK>PLOT,,,113030.0,,2.0,5.0,"REPLICATE>BLOCK>PLOT:113030,REPLICATE>BLOCK:2,REPLICATE:1",watered,2113.128767193,284.2068058824,"60,1910323298","63,4495521759",6.0056557734,245,288,125,"-3,25851984610",2011
220,3030water_regimerainfed,3336076,Deb11,127429,https://doi.org/10.15454/LFK19C,B89_H,Syngenta Debrecen 2011,VIRTUAL_TRIAL,,,,,,,,rainfed,323.5227813465,62.0341435757,64.2148593334,,2215.0538202784,,,,,2011
221,3030water_regimewatered,3336044,Deb11,127429,https://doi.org/10.15454/LFK19C,B89_H,Syngenta Debrecen 2011,VIRTUAL_TRIAL,,,,,,,,watered,285.1797157846,60.025824481,62.9968799911,,2150.3464860265,,,,,2011
222,233031,3341763,Deb11,127430,https://doi.org/10.15454/TX6MDP,NC290_H,Syngenta Debrecen 2011,REPLICATE>BLOCK>PLOT,,,233031.0,,13.0,1.0,"REPLICATE>BLOCK>PLOT:233031,REPLICATE>BLOCK:2,REPLICATE:3",rainfed,2858.7992662922,298.9992352941,"61,881359114","66,5907437168",8.5477879448,240,294,110,"-4,70938460280",2011
223,223031,3341726,Deb11,127430,https://doi.org/10.15454/TX6MDP,NC290_H,Syngenta Debrecen 2011,REPLICATE>BLOCK>PLOT,,,223031.0,,9.0,3.0,"REPLICATE>BLOCK>PLOT:223031,REPLICATE>BLOCK:3,REPLICATE:2",rainfed,2441.6292696676,325.9974235294,"61,881359114","68,2626781839",7.9596485113,240,294,120,"-6,38131906990",2011
224,213031,3341693,Deb11,127430,https://doi.org/10.15454/TX6MDP,NC290_H,Syngenta Debrecen 2011,REPLICATE>BLOCK>PLOT,,,213031.0,,4.0,5.0,"REPLICATE>BLOCK>PLOT:213031,REPLICATE>BLOCK:4,REPLICATE:1",rainfed,2347.181349806,317.3655294118,"61,881359114","68,2626781839",7.4491445171,252,300,115,"-6,38131906990",2011
225,123031,3341647,Deb11,127430,https://doi.org/10.15454/TX6MDP,NC290_H,Syngenta Debrecen 2011,REPLICATE>BLOCK>PLOT,,,123031.0,,8.0,6.0,"REPLICATE>BLOCK>PLOT:123031,REPLICATE>BLOCK:3,REPLICATE:2",watered,2784.4317507115,300.5529352941,"61,881359114","66,5907437168",8.368691358,242,301,121,"-4,70938460280",2011
226,113031,3341610,Deb11,127430,https://doi.org/10.15454/TX6MDP,NC290_H,Syngenta Debrecen 2011,REPLICATE>BLOCK>PLOT,,,113031.0,,4.0,6.0,"REPLICATE>BLOCK>PLOT:113031,REPLICATE>BLOCK:4,REPLICATE:1",watered,2808.3228477123,312.6545294118,"61,881359114","66,5907437168",8.7803485839,233,285,115,"-4,70938460280",2011
227,3031water_regimerainfed,3336077,Deb11,127430,https://doi.org/10.15454/TX6MDP,NC290_H,Syngenta Debrecen 2011,VIRTUAL_TRIAL,,,,,,,,rainfed,344.7159560771,61.7716129848,67.6514905962,,2502.2017435158,,,,,2011
228,3031water_regimewatered,3336045,Deb11,127430,https://doi.org/10.15454/TX6MDP,NC290_H,Syngenta Debrecen 2011,VIRTUAL_TRIAL,,,,,,,,watered,333.7504466124,62.0450115267,66.6457185173,,2830.7667497178,,,,,2011
229,233032,3341784,Deb11,127431,https://doi.org/10.15454/YK08AN,UH_P089_H,Syngenta Debrecen 2011,REPLICATE>BLOCK>PLOT,,,233032.0,,16.0,4.0,"REPLICATE>BLOCK>PLOT:233032,REPLICATE>BLOCK:5,REPLICATE:3",rainfed,1730.3916674986,278.5380705882,"61,881359114","63,4495521759",4.8197995643,218,263,93,"-1,56819306190",2011
230,223032,3341737,Deb11,127431,https://doi.org/10.15454/YK08AN,UH_P089_H,Syngenta Debrecen 2011,REPLICATE>BLOCK>PLOT,,,223032.0,,10.0,2.0,"REPLICATE>BLOCK>PLOT:223032,REPLICATE>BLOCK:4,REPLICATE:2",rainfed,2290.0081251649,279.0872117647,"61,881359114","61,881359114",6.3911198257,235,292,128,"0,00000000000",2011
231,213032,3341668,Deb11,127431,https://doi.org/10.15454/YK08AN,UH_P089_H,Syngenta Debrecen 2011,REPLICATE>BLOCK>PLOT,,,213032.0,,1.0,2.0,"REPLICATE>BLOCK>PLOT:213032,REPLICATE>BLOCK:1,REPLICATE:1",rainfed,2669.0290413075,299.5516235294,"61,881359114","61,881359114",7.9951198257,234,280,105,"0,00000000000",2011
232,123032,3341639,Deb11,127431,https://doi.org/10.15454/YK08AN,UH_P089_H,Syngenta Debrecen 2011,REPLICATE>BLOCK>PLOT,,,123032.0,,7.0,2.0,"REPLICATE>BLOCK>PLOT:123032,REPLICATE>BLOCK:2,REPLICATE:2",watered,2332.8133189967,284.4896705882,"60,1910323298","63,4495521759",6.6366129267,242,293,114,"-3,25851984610",2011
233,113032,3341590,Deb11,127431,https://doi.org/10.15454/YK08AN,UH_P089_H,Syngenta Debrecen 2011,REPLICATE>BLOCK>PLOT,,,113032.0,,1.0,6.0,"REPLICATE>BLOCK>PLOT:113032,REPLICATE>BLOCK:1,REPLICATE:1",watered,1846.2411419594,275.4633,"60,1910323298","61,881359114",5.0857167756,228,280,123,"-1,69032678420",2011
234,3032water_regimerainfed,3336078,Deb11,127431,https://doi.org/10.15454/YK08AN,UH_P089_H,Syngenta Debrecen 2011,VIRTUAL_TRIAL,,,,,,,,rainfed,308.2005761371,61.9826617665,62.6111152198,,2406.9301905896,,,,,2011
235,3032water_regimewatered,3336046,Deb11,127431,https://doi.org/10.15454/YK08AN,UH_P089_H,Syngenta Debrecen 2011,VIRTUAL_TRIAL,,,,,,,,watered,286.8064786251,60.0506782658,62.840754887,,2024.8845802774,,,,,2011
236,233977,3341779,Deb11,127473,https://doi.org/10.15454/WZXITF,PHH93_H,Syngenta Debrecen 2011,REPLICATE>BLOCK>PLOT,,,233977.0,,15.0,1.0,"REPLICATE>BLOCK>PLOT:233977,REPLICATE>BLOCK:4,REPLICATE:3",rainfed,1394.4486518326,297.1896352941,"60,1910323298","61,881359114",4.1441568627,240,293,100,"-1,69032678420",2011
237,213977,3341698,Deb11,127473,https://doi.org/10.15454/WZXITF,PHH93_H,Syngenta Debrecen 2011,REPLICATE>BLOCK>PLOT,,,213977.0,,5.0,1.0,"REPLICATE>BLOCK>PLOT:213977,REPLICATE>BLOCK:5,REPLICATE:1",rainfed,2423.6915852458,297.8220941176,"60,1910323298","61,881359114",7.2182890341,252,296,120,"-1,69032678420",2011
238,123977,3341655,Deb11,127473,https://doi.org/10.15454/WZXITF,PHH93_H,Syngenta Debrecen 2011,REPLICATE>BLOCK>PLOT,,,123977.0,,10.0,2.0,"REPLICATE>BLOCK>PLOT:123977,REPLICATE>BLOCK:4,REPLICATE:2",watered,1855.7587122988,306.8545882353,"61,881359114","63,4495521759",5.6944807553,254,310,138,"-1,56819306190",2011
